user_id,country,account_age_days,trades_made,successful_trades,cancelled_trades,avg_trade_value,app_logins,referrals,has_shop,giftcard_trades,wallet_balance,satisfaction_score,churned
user_1,Nigeria,303,5,3,2,268.24,83,0,0,0,386.66,3.363647640334028,0
user_2,Cameroon,12,3,2,1,175.09,28,2,0,0,33.88,3.9590800585023698,0
user_3,Kenya,318,5,4,1,245.45,30,0,1,2,453.91,4.886661202643943,0
user_4,Ghana,80,7,4,3,244.3,94,0,0,3,140.83,2.7942488651548176,1
user_5,Nigeria,216,5,2,3,65.06,94,0,0,2,449.44,3.0344858550998564,0
user_6,Nigeria,339,5,5,0,41.95,14,0,0,1,386.75,3.456833446050751,0
user_7,Nigeria,264,5,4,1,219.17,21,2,1,3,435.6,3.369317288407811,1
user_8,South Africa,149,2,2,0,55.36,82,0,1,1,107.02,4.292359570641163,0
user_9,Ghana,81,4,4,0,256.48,6,1,0,1,297.85,3.7622976866703643,0
user_10,Kenya,215,8,7,1,220.59,81,0,0,5,46.79,2.1028232427974696,0
user_11,Nigeria,198,4,4,0,254.13,31,0,1,1,101.14,2.843217965191123,1
user_12,Cameroon,200,7,7,0,96.71,77,0,0,1,154.95,2.872002727055898,0
user_13,Kenya,25,6,5,1,101.81,75,1,0,1,370.41,1.2850832955102751,0
user_14,Nigeria,89,1,1,0,204.65,52,1,0,2,12.36,4.429636672718356,1
user_15,Nigeria,268,4,3,1,19.12,78,1,0,2,451.56,3.632425042672737,0
user_16,Nigeria,143,9,6,3,220.68,13,1,1,2,35.4,2.9593206572220225,0
user_17,Nigeria,59,3,2,1,252.38,90,0,0,1,188.25,4.402610157935189,0
user_18,Ghana,26,6,5,1,130.4,27,2,0,1,40.54,3.8013294031735008,0
user_19,Nigeria,47,2,1,1,231.81,75,0,0,3,384.48,2.2138788380384273,0
user_20,Nigeria,288,6,6,0,60.64,77,0,0,1,70.66,4.109592456206423,0
user_21,Ghana,266,5,4,1,103.46,31,0,0,0,442.38,4.872963013923178,0
user_22,Nigeria,16,2,2,0,292.55,92,0,0,1,265.11,3.360103244982548,0
user_23,Nigeria,199,4,4,0,296.04,97,2,0,4,474.24,3.432950807165602,1
user_24,Nigeria,282,3,2,1,158.66,85,0,0,1,145.18,3.6077601741126517,0
user_25,Nigeria,86,7,5,2,280.94,88,0,1,1,227.16,2.2821057233837383,1
user_26,Kenya,250,4,4,0,161.59,75,0,1,0,347.12,3.6414197485716935,0
user_27,Nigeria,270,5,3,2,94.56,47,0,1,3,415.96,2.6085026405516984,1
user_28,Ghana,335,4,0,4,87.4,11,0,0,3,210.68,3.493474377579162,0
user_29,Ghana,117,5,4,1,279.56,96,0,0,2,446.22,3.665891530741058,0
user_30,Nigeria,7,4,0,4,60.01,87,0,1,0,58.99,4.030789697251019,0
user_31,Ghana,137,6,6,0,178.09,67,0,0,0,354.34,4.0675574104114025,0
user_32,Nigeria,176,9,9,0,171.1,88,0,0,2,174.1,2.5723081371679415,0
user_33,Nigeria,328,3,0,3,224.49,48,0,0,2,50.67,3.687613371416828,1
user_34,South Africa,315,8,5,3,154.78,43,2,1,0,193.33,4.456091063183222,0
user_35,Cameroon,215,5,4,1,88.96,44,0,0,3,440.11,2.3466166008950218,1
user_36,Kenya,82,1,0,1,59.12,11,0,0,2,490.27,5.0,0
user_37,Nigeria,223,3,3,0,190.04,74,0,0,1,196.4,2.5275796740690164,0
user_38,Nigeria,103,5,2,3,218.51,29,0,0,2,443.21,5.0,0
user_39,Ghana,273,4,3,1,175.16,63,1,1,2,254.83,2.545161903196475,0
user_40,Nigeria,14,6,6,0,224.12,17,0,0,3,358.51,3.443779601145838,0
user_41,Nigeria,159,5,4,1,51.04,90,0,0,2,22.69,3.307095073977151,0
user_42,Nigeria,152,5,5,0,265.92,85,0,1,2,278.66,2.133195604887516,1
user_43,Nigeria,108,4,4,0,178.89,90,1,0,2,35.08,4.1981936998799565,0
user_44,South Africa,188,9,9,0,46.78,66,1,0,2,134.31,4.249534382264391,0
user_45,Nigeria,301,6,5,1,143.96,12,1,0,0,283.41,4.119741387506542,0
user_46,Ghana,98,7,5,2,254.99,49,1,0,1,403.58,3.25152137613503,1
user_47,Nigeria,131,3,0,3,270.29,22,1,1,3,280.45,2.798243692564781,0
user_48,Ghana,293,2,0,2,86.75,92,0,0,4,468.1,4.599156482856253,1
user_49,Ghana,171,3,3,0,216.27,64,2,1,1,405.17,3.7134439988669503,0
user_50,Nigeria,183,2,1,1,39.0,64,1,0,3,78.12,2.7437133505246716,0
user_51,Cameroon,364,7,6,1,19.73,6,1,0,4,194.48,3.71453702283651,0
user_52,Kenya,39,2,2,0,172.52,70,0,0,2,334.24,1.8252971125518667,0
user_53,South Africa,15,5,4,1,211.5,95,2,0,1,469.2,3.6077866727875656,0
user_54,South Africa,4,5,5,0,240.78,18,1,0,1,493.86,4.155774175288878,0
user_55,Ghana,349,7,6,1,108.66,52,1,0,5,381.59,3.320591606335141,0
user_56,South Africa,210,5,5,0,11.89,60,0,0,2,286.88,4.210906809779884,1
user_57,Nigeria,161,6,6,0,149.06,16,1,0,1,378.3,4.3132204721677905,0
user_58,Nigeria,16,7,4,3,14.6,96,0,0,0,136.62,3.775315556746773,0
user_59,Nigeria,108,3,3,0,36.68,59,0,0,1,141.8,5.0,0
user_60,Nigeria,311,6,4,2,104.74,32,0,0,1,327.17,4.853955765117882,0
user_61,Nigeria,227,8,8,0,136.78,93,1,0,2,435.92,4.127332644214215,0
user_62,Nigeria,170,3,3,0,91.05,8,0,1,2,484.9,3.8551277246036166,0
user_63,Kenya,34,6,5,1,178.74,94,1,0,0,170.67,3.243629396440489,0
user_64,Nigeria,251,5,4,1,26.05,40,0,0,0,398.28,2.8528372782584404,0
user_65,Nigeria,247,3,3,0,51.93,54,0,0,7,425.77,4.297485769576973,0
user_66,Ghana,269,4,3,1,211.62,7,1,0,0,311.59,3.3008468389839365,0
user_67,Nigeria,141,6,6,0,51.22,5,0,1,4,173.8,2.4859090618222965,0
user_68,Kenya,274,6,6,0,195.53,21,0,0,1,309.54,2.6978410902854506,1
user_69,Nigeria,96,7,7,0,25.86,75,1,1,3,292.22,2.8298100894139946,0
user_70,Cameroon,227,6,6,0,128.14,66,2,0,1,303.26,5.0,1
user_71,Kenya,39,5,5,0,61.45,52,0,1,3,309.63,4.347827854067738,0
user_72,Nigeria,302,2,0,2,41.79,66,0,0,1,423.53,3.534275832657492,0
user_73,Nigeria,29,5,5,0,174.44,73,1,0,3,85.04,3.91395018280724,0
user_74,Kenya,318,9,9,0,279.22,23,0,0,0,183.65,4.030029925863406,0
user_75,Kenya,245,3,3,0,25.89,38,0,0,2,293.0,2.631408595648079,0
user_76,Kenya,236,9,8,1,132.25,53,2,0,2,141.66,2.3324328828556924,0
user_77,Kenya,185,2,2,0,215.19,84,1,0,1,489.08,4.551542511186275,0
user_78,Nigeria,272,1,0,1,144.18,51,1,0,3,131.58,2.150277089956561,0
user_79,Nigeria,236,4,4,0,243.88,95,1,0,2,234.81,3.4825675058169336,0
user_80,Nigeria,239,3,1,2,62.1,54,0,0,0,438.68,2.7782715111315843,0
user_81,South Africa,266,4,4,0,288.28,93,0,1,3,40.03,3.7209902477490506,0
user_82,Ghana,359,5,4,1,121.7,30,0,0,1,410.34,3.246947918668141,1
user_83,Nigeria,340,1,0,1,109.06,60,1,0,4,285.5,4.033982406032155,0
user_84,Nigeria,65,3,3,0,263.64,82,0,1,1,15.9,1.1888361553247702,0
user_85,Nigeria,177,5,4,1,173.52,18,0,0,1,451.46,4.620670223590323,0
user_86,Nigeria,3,3,3,0,159.77,82,0,0,3,19.6,4.235383796568343,0
user_87,Kenya,142,12,11,1,220.82,29,0,0,2,257.61,4.5115453608545755,0
user_88,Ghana,158,2,1,1,178.15,8,0,1,2,24.52,4.396387408154333,0
user_89,South Africa,324,3,2,1,57.13,83,0,0,1,35.6,3.813798096736859,0
user_90,Nigeria,146,4,2,2,205.52,36,0,0,3,443.6,2.858650819602291,0
user_91,Nigeria,293,9,8,1,48.71,86,0,0,1,382.91,3.9384315259673666,0
user_92,Kenya,153,5,3,2,243.7,82,2,0,1,98.47,3.789536836643849,0
user_93,Kenya,193,3,3,0,297.02,69,1,0,3,310.23,4.376562114798443,0
user_94,Ghana,73,3,2,1,119.44,65,0,0,4,397.34,4.12164986186807,1
user_95,Kenya,305,4,2,2,138.98,24,1,0,2,444.8,3.594230647304184,0
user_96,Nigeria,344,4,4,0,23.47,78,1,1,1,234.15,3.9331282274223387,0
user_97,Ghana,140,7,5,2,13.98,14,0,0,1,448.75,4.021730217196603,0
user_98,Nigeria,187,6,6,0,277.21,92,0,0,2,253.93,4.588330082718905,0
user_99,Nigeria,293,3,2,1,47.3,38,2,0,2,344.11,5.0,1
user_100,Nigeria,61,6,6,0,139.28,65,0,0,0,489.51,4.097082115934949,0
user_101,Nigeria,198,6,6,0,246.45,96,0,0,1,117.98,4.02637313511987,0
user_102,Ghana,295,4,4,0,267.9,31,0,0,1,84.26,3.2770036284965585,0
user_103,Nigeria,319,7,5,2,160.63,44,0,0,1,171.01,3.156681835378581,0
user_104,Ghana,302,4,4,0,173.86,69,0,0,1,82.2,2.774177570398693,1
user_105,South Africa,344,7,6,1,204.21,37,1,1,2,142.08,1.0,0
user_106,Nigeria,11,3,3,0,288.8,72,0,0,2,371.49,2.660787488475611,0
user_107,Nigeria,62,4,1,3,184.77,75,0,0,1,238.76,3.3272705695221965,0
user_108,Kenya,333,7,6,1,172.25,13,2,0,2,187.52,3.193739442613992,0
user_109,Nigeria,226,8,7,1,14.21,20,2,0,2,184.36,3.9566041785528334,0
user_110,Nigeria,153,2,0,2,33.48,9,0,0,1,97.26,2.695978454938879,0
user_111,Nigeria,199,9,9,0,177.38,27,1,1,1,223.71,2.739996222785346,0
user_112,Nigeria,52,6,5,1,281.51,47,0,0,3,312.32,1.3862956100593502,0
user_113,South Africa,260,4,2,2,261.34,93,0,0,3,69.58,3.9714294955568414,0
user_114,Kenya,59,7,7,0,294.95,61,2,0,3,486.41,2.6121645511714804,0
user_115,Ghana,72,2,0,2,163.07,55,0,0,1,221.64,2.783993390653136,1
user_116,South Africa,148,2,0,2,238.5,17,1,0,4,473.98,4.064747355156892,0
user_117,Kenya,349,3,0,3,253.72,28,0,0,3,67.33,2.6172698834786994,0
user_118,Nigeria,63,5,5,0,197.93,15,1,0,4,383.61,3.8803375914467657,0
user_119,South Africa,310,7,7,0,108.24,56,0,0,1,308.82,2.293374923102793,1
user_120,Ghana,243,4,4,0,146.29,21,1,0,0,410.03,3.478875749860891,0
user_121,Kenya,330,4,3,1,258.8,41,1,0,4,300.34,2.8903481742928223,0
user_122,South Africa,107,5,5,0,96.58,17,0,0,1,481.42,3.233705286426057,0
user_123,Nigeria,226,5,4,1,277.89,66,0,0,1,313.47,5.0,0
user_124,Nigeria,313,4,3,1,76.64,95,0,0,4,392.3,1.8607122623539287,1
user_125,Nigeria,218,5,4,1,227.36,88,2,0,3,438.79,4.92241070927669,0
user_126,Nigeria,241,6,6,0,192.86,12,0,1,1,357.29,2.5812245097886963,0
user_127,Kenya,259,5,3,2,227.38,60,1,0,0,262.12,4.369081773265981,0
user_128,South Africa,262,7,7,0,136.83,97,1,0,3,136.41,4.567316955174762,0
user_129,Nigeria,5,8,8,0,280.47,87,0,0,2,427.25,3.9304622155519016,1
user_130,Ghana,261,4,4,0,193.42,74,0,0,1,240.29,2.281556388111991,0
user_131,Nigeria,54,5,5,0,93.61,48,0,0,1,310.35,3.7724296836435895,0
user_132,Nigeria,47,6,4,2,195.15,64,0,0,2,39.61,5.0,0
user_133,Nigeria,215,9,9,0,93.18,45,1,1,1,248.68,3.511235701240129,1
user_134,Nigeria,177,6,6,0,95.15,25,0,1,2,349.08,3.399183238303057,1
user_135,South Africa,9,0,0,0,125.88,90,0,1,1,292.04,3.3029434692793984,0
user_136,Nigeria,99,4,4,0,257.2,46,1,0,3,224.28,4.015563367073229,1
user_137,Ghana,20,2,1,1,155.09,78,0,1,4,111.71,3.412819161667468,1
user_138,Kenya,241,6,5,1,206.88,78,0,0,6,154.84,3.7845905096932015,0
user_139,Nigeria,61,9,6,3,123.67,33,1,0,2,350.31,3.207676644689835,1
user_140,Cameroon,178,0,0,0,86.45,84,1,0,2,112.1,2.463755128695146,0
user_141,Cameroon,338,3,2,1,286.85,69,0,0,2,310.86,5.0,0
user_142,Nigeria,62,0,0,0,185.04,21,0,0,3,294.87,3.403348698407329,0
user_143,Nigeria,145,8,8,0,280.85,34,0,0,3,485.21,5.0,0
user_144,Nigeria,216,2,1,1,68.99,30,0,0,2,30.39,3.9249152460469183,0
user_145,Nigeria,3,4,4,0,52.6,57,0,1,3,54.06,4.099982202575559,1
user_146,Nigeria,160,4,4,0,258.19,23,1,0,3,253.04,3.190715430478245,1
user_147,Ghana,227,5,5,0,207.47,57,0,0,3,263.55,2.9070426786248724,0
user_148,Ghana,269,4,3,1,64.11,89,1,0,0,19.96,3.2133298809362607,0
user_149,Nigeria,120,3,2,1,88.11,21,1,1,3,412.93,2.667687335965498,0
user_150,Nigeria,89,2,0,2,242.19,50,0,0,2,247.36,2.575319181649103,0
user_151,South Africa,329,8,8,0,141.62,89,1,0,1,173.32,5.0,0
user_152,Nigeria,68,4,3,1,204.46,57,0,1,4,159.43,4.29975260566788,0
user_153,Nigeria,357,5,5,0,102.32,68,0,0,3,430.7,4.998185124354066,0
user_154,Nigeria,98,5,2,3,120.56,49,0,0,2,98.37,4.624899689638518,0
user_155,Cameroon,267,7,6,1,297.31,53,0,0,1,80.21,2.8986284354980247,0
user_156,Nigeria,105,5,2,3,81.81,23,0,0,4,106.59,1.960314166495557,0
user_157,Ghana,323,8,7,1,156.87,75,0,1,1,312.51,3.039856829303163,1
user_158,Kenya,123,5,5,0,254.88,85,0,0,1,405.47,3.591831819011613,0
user_159,Nigeria,29,4,3,1,79.37,69,0,1,1,165.49,4.644343118459316,0
user_160,Kenya,137,6,3,3,130.41,41,0,1,1,86.73,3.4453953523215253,0
user_161,Nigeria,195,5,3,2,188.38,74,0,0,2,104.6,5.0,0
user_162,Ghana,226,1,0,1,149.54,30,0,0,1,309.59,3.0673040094301465,0
user_163,Ghana,332,7,5,2,143.26,6,0,1,2,123.02,4.091057602448192,0
user_164,Ghana,170,4,4,0,115.13,63,0,0,6,438.64,2.9014091082042928,0
user_165,Nigeria,9,4,4,0,180.13,9,2,0,2,51.95,3.9062823858223443,0
user_166,Kenya,40,4,2,2,191.07,41,1,0,3,16.18,3.3744265685945485,0
user_167,Nigeria,25,6,5,1,199.45,35,0,0,3,44.19,3.2513390427540947,0
user_168,Nigeria,261,6,4,2,30.41,80,1,1,2,422.82,2.8812078971042085,0
user_169,Nigeria,226,4,3,1,193.0,98,1,0,3,325.61,3.6475424064312363,0
user_170,Ghana,124,5,2,3,286.44,52,0,0,5,478.87,4.336172926467646,0
user_171,Ghana,38,4,3,1,166.89,10,0,1,1,168.15,2.5249336357947842,0
user_172,Nigeria,328,4,2,2,217.43,19,0,1,2,106.34,3.4514270050279188,1
user_173,Ghana,251,8,8,0,171.45,19,0,0,6,280.99,3.9931340706556364,0
user_174,Nigeria,176,4,2,2,257.87,65,0,1,4,268.91,4.182891107673009,0
user_175,Ghana,90,7,6,1,279.58,20,1,0,0,295.51,5.0,1
user_176,Nigeria,37,7,7,0,63.42,24,0,0,2,173.77,4.078678446050238,0
user_177,Ghana,316,9,9,0,136.69,81,0,1,1,2.95,3.09997790276489,0
user_178,Nigeria,176,6,4,2,123.79,48,1,0,0,17.52,2.9319984415899976,0
user_179,South Africa,284,5,4,1,127.51,46,0,0,4,331.91,2.9197418256384093,0
user_180,Nigeria,81,10,10,0,46.4,50,1,0,3,261.63,2.8640232233980996,0
user_181,Nigeria,114,8,8,0,245.95,99,0,0,2,410.51,3.715736018607391,0
user_182,Nigeria,40,5,3,2,20.37,38,2,1,2,150.2,3.920550244709765,1
user_183,South Africa,301,6,4,2,163.19,68,0,0,0,407.74,4.324544815386787,0
user_184,South Africa,224,1,0,1,201.94,33,1,0,3,212.75,4.164994726635237,0
user_185,Nigeria,318,10,10,0,70.17,7,1,0,2,48.35,4.746107154644385,0
user_186,Ghana,349,10,8,2,272.7,13,0,1,4,488.96,2.831079156140636,0
user_187,Kenya,115,3,2,1,253.18,79,0,0,4,255.97,5.0,0
user_188,Ghana,186,6,4,2,146.61,79,2,0,1,314.74,2.870344101660237,1
user_189,Ghana,323,8,7,1,129.23,29,1,0,0,335.4,3.8479323581752642,1
user_190,Nigeria,56,1,1,0,78.6,90,0,0,3,181.21,3.305241321016835,0
user_191,Nigeria,40,7,7,0,221.7,46,2,0,3,373.76,3.4761042123904344,0
user_192,South Africa,354,6,6,0,48.21,50,1,0,1,435.13,4.172288763217259,1
user_193,South Africa,40,5,4,1,207.27,77,0,1,0,193.59,2.061579830681227,0
user_194,Ghana,347,5,4,1,254.31,88,1,0,0,328.5,2.6692757369461764,0
user_195,Nigeria,237,8,6,2,76.26,63,0,0,3,378.56,4.249226735246932,0
user_196,Nigeria,289,2,1,1,261.26,25,1,0,2,95.06,3.497847383808782,0
user_197,Kenya,262,5,4,1,19.66,78,1,0,1,166.3,3.2433821826849702,0
user_198,South Africa,216,5,4,1,274.71,26,1,0,3,54.4,2.379059438336623,0
user_199,South Africa,147,3,2,1,44.33,33,0,0,2,301.1,3.25038918766977,1
user_200,Kenya,336,5,2,3,197.27,67,0,0,1,400.47,4.18094694156697,0
user_201,Ghana,168,4,4,0,82.52,77,0,0,2,305.42,2.936526880854334,0
user_202,Nigeria,92,3,1,2,252.6,65,0,0,2,89.89,4.864063346858433,0
user_203,Nigeria,353,8,8,0,158.57,68,0,0,2,273.18,4.576884930802626,0
user_204,South Africa,59,4,2,2,49.22,73,0,0,1,417.47,3.1499470954812288,0
user_205,Ghana,59,4,1,3,175.59,44,0,0,2,151.36,2.905651267210039,0
user_206,Nigeria,304,2,1,1,128.29,79,0,0,3,416.33,1.0,0
user_207,Nigeria,169,5,4,1,201.82,5,0,1,4,392.31,2.423138958058634,1
user_208,Ghana,269,6,5,1,265.75,69,1,0,1,10.87,2.36166366344011,1
user_209,Nigeria,363,4,3,1,128.72,66,1,0,1,119.73,2.0690335690653043,1
user_210,Nigeria,45,4,3,1,94.07,58,2,1,3,271.47,3.4640235223233913,0
user_211,Ghana,345,1,0,1,14.21,64,1,0,1,358.81,3.812080560326113,0
user_212,Ghana,181,3,3,0,176.7,50,2,1,2,440.27,5.0,0
user_213,Ghana,170,5,1,4,126.66,9,0,0,6,320.52,3.566490661400694,0
user_214,Nigeria,356,4,3,1,118.65,26,0,0,2,190.17,1.4664462121550086,1
user_215,Kenya,191,5,2,3,63.05,94,1,0,3,92.31,2.7522559686633503,0
user_216,Nigeria,155,7,6,1,134.72,57,0,1,1,380.02,4.110564275542301,0
user_217,Nigeria,188,8,8,0,295.49,74,0,0,3,103.39,3.4185872530883286,0
user_218,Kenya,7,4,2,2,96.35,36,0,0,0,347.72,4.356828009594413,1
user_219,Ghana,133,6,4,2,183.91,15,2,0,4,90.61,2.98625102643543,0
user_220,Kenya,235,2,0,2,235.18,14,0,0,1,45.53,4.6520373194649425,0
user_221,Ghana,45,7,7,0,227.26,43,0,0,1,125.55,3.7460300742177464,1
user_222,Ghana,314,3,3,0,105.34,35,0,0,2,142.46,3.771477583931577,0
user_223,Nigeria,249,9,9,0,187.15,16,1,0,5,323.6,3.649954887569641,0
user_224,Nigeria,31,3,3,0,262.67,84,0,0,0,80.44,2.7348438796888654,0
user_225,Nigeria,23,5,3,2,14.48,42,2,0,0,465.15,3.442809445159176,0
user_226,Nigeria,160,3,2,1,136.36,71,0,0,4,277.18,3.7937609175533704,0
user_227,Cameroon,363,7,5,2,75.04,70,0,0,3,245.47,2.099345391357093,0
user_228,Nigeria,158,3,3,0,122.7,56,2,0,0,217.35,3.5795942527635205,1
user_229,South Africa,39,6,5,1,130.64,9,0,1,2,283.3,4.7148779184985345,0
user_230,Ghana,82,6,5,1,226.53,15,3,0,2,11.22,3.933818133370123,0
user_231,Kenya,356,3,2,1,37.21,29,0,0,0,495.04,4.867290149769301,0
user_232,Ghana,258,2,1,1,158.65,39,0,0,2,278.76,3.9077273233058385,0
user_233,Ghana,206,4,0,4,173.62,39,0,0,2,17.6,2.602369102432632,0
user_234,Nigeria,77,8,6,2,153.31,26,0,0,4,294.99,4.290759760837597,0
user_235,Nigeria,12,5,3,2,222.24,41,0,0,1,218.54,2.3589738816972865,0
user_236,Kenya,295,10,10,0,121.3,90,0,0,3,12.02,3.2915628102718446,0
user_237,Nigeria,224,4,2,2,284.04,59,1,1,3,462.21,3.2240036426827747,1
user_238,Nigeria,13,1,0,1,149.72,79,1,1,1,5.28,2.821721604194067,0
user_239,Ghana,46,4,2,2,175.65,99,1,0,3,288.94,5.0,0
user_240,Nigeria,155,7,7,0,249.4,76,1,0,1,480.9,3.4273546919549074,0
user_241,South Africa,113,7,7,0,89.82,68,0,1,6,118.8,5.0,0
user_242,Cameroon,233,6,5,1,31.81,24,1,0,1,127.09,3.8435904805129955,0
user_243,South Africa,17,7,6,1,215.26,8,0,0,3,0.21,2.679078189273268,0
user_244,Nigeria,360,7,5,2,150.07,22,2,0,2,33.18,3.090412236096396,0
user_245,Nigeria,223,2,0,2,269.99,55,0,0,2,22.44,3.461518672186649,1
user_246,South Africa,354,2,2,0,294.98,72,0,0,2,411.33,3.158191674425403,0
user_247,Nigeria,188,9,8,1,125.74,24,0,1,3,418.37,3.226047778609714,0
user_248,Cameroon,344,1,1,0,130.48,13,1,1,1,363.35,4.073743960521231,0
user_249,Cameroon,163,5,5,0,128.31,84,0,0,1,176.37,3.865370054434002,0
user_250,South Africa,326,7,6,1,104.12,30,1,1,1,410.63,4.189993722730729,0
user_251,Nigeria,74,3,2,1,236.69,29,1,0,0,269.89,5.0,0
user_252,Nigeria,233,8,8,0,230.11,72,0,0,3,152.16,3.0285141672195612,1
user_253,South Africa,224,6,5,1,148.81,45,0,0,2,218.64,4.613892584528025,1
user_254,Nigeria,319,7,6,1,22.95,63,0,0,6,32.88,4.893601929294391,0
user_255,Nigeria,60,5,5,0,99.77,49,0,0,0,472.45,4.793900793537247,0
user_256,Ghana,335,3,3,0,94.77,45,0,0,1,309.56,1.7400691895928302,0
user_257,South Africa,222,9,8,1,245.22,42,0,1,0,365.62,5.0,0
user_258,Ghana,37,5,3,2,35.4,23,0,1,2,338.29,2.8636010189445296,1
user_259,Ghana,278,8,7,1,243.65,18,0,1,1,333.87,1.6593276961835486,1
user_260,Nigeria,196,12,11,1,204.06,25,0,0,1,8.63,5.0,0
user_261,Ghana,352,5,5,0,222.41,19,0,0,3,262.69,4.013404368173956,0
user_262,Cameroon,242,6,6,0,135.34,7,1,0,2,410.86,4.054704932504027,0
user_263,Nigeria,324,2,2,0,207.12,41,0,1,1,22.26,3.167927644088014,0
user_264,Ghana,219,2,2,0,186.62,50,1,0,1,478.08,3.6820979124969777,1
user_265,South Africa,192,8,7,1,233.0,20,1,0,3,212.08,3.3606834791535602,0
user_266,Kenya,17,3,2,1,139.56,18,0,0,1,144.95,2.8757971891704077,0
user_267,Ghana,12,5,5,0,147.12,13,0,1,1,265.91,3.5229908474007274,0
user_268,Kenya,193,3,0,3,196.64,11,1,0,1,400.61,3.613138207297799,0
user_269,Nigeria,22,5,3,2,41.34,18,1,0,2,237.38,2.1783659914032882,0
user_270,Nigeria,120,3,1,2,136.51,10,0,0,2,322.55,3.5556321254861136,1
user_271,Kenya,210,4,3,1,291.87,89,0,1,1,249.96,1.7124751281327801,0
user_272,Kenya,306,5,4,1,20.89,19,0,0,2,315.64,5.0,0
user_273,South Africa,270,6,4,2,101.64,56,0,1,1,69.02,3.397418639759122,0
user_274,South Africa,192,6,6,0,101.09,76,2,1,1,19.33,2.428504614668218,0
user_275,Ghana,175,8,6,2,193.7,38,0,0,5,68.45,4.013218200689608,0
user_276,Ghana,285,7,7,0,40.68,5,3,0,2,142.92,2.7533006138580074,0
user_277,Kenya,204,6,4,2,192.28,73,1,0,3,126.68,3.4707426638572945,0
user_278,Ghana,164,8,6,2,37.56,98,0,0,0,307.59,3.9555011510918545,0
user_279,Kenya,251,9,8,1,37.54,90,1,0,2,227.94,2.4833092167973803,0
user_280,Kenya,227,6,4,2,221.17,24,0,0,2,19.41,5.0,0
user_281,South Africa,7,7,6,1,104.0,84,1,0,2,17.43,5.0,0
user_282,Nigeria,29,8,6,2,293.45,11,2,0,3,45.29,2.974546673761522,0
user_283,Nigeria,33,2,1,1,20.83,11,0,0,2,176.54,2.3766738191952523,1
user_284,Nigeria,134,3,3,0,139.08,54,1,0,0,3.09,2.96999183790256,0
user_285,Ghana,79,2,2,0,42.81,6,2,1,1,246.99,3.0234459163040155,0
user_286,Nigeria,58,4,4,0,111.9,51,0,0,2,180.33,4.61035049396183,0
user_287,Nigeria,26,7,6,1,299.48,18,1,0,1,277.72,2.987286830044787,1
user_288,Ghana,226,7,7,0,267.76,35,0,1,2,360.41,2.3383388027302745,0
user_289,Nigeria,285,9,8,1,24.01,54,2,0,2,125.49,3.601573505572257,0
user_290,Ghana,4,6,5,1,173.34,65,0,0,3,78.54,2.009146407651877,0
user_291,Nigeria,99,2,2,0,197.87,45,1,0,4,139.03,4.56799506655338,1
user_292,Nigeria,39,4,3,1,70.77,18,2,1,1,0.88,4.09999268196573,1
user_293,Kenya,271,9,7,2,52.08,9,2,0,2,60.01,2.9001103981660212,1
user_294,Nigeria,285,3,3,0,272.27,79,0,1,2,375.42,3.0092788745243446,1
user_295,Nigeria,157,3,2,1,290.96,9,1,1,2,111.4,3.7487350740722047,1
user_296,Ghana,75,9,9,0,297.65,68,0,0,5,497.15,2.3969535525236534,0
user_297,Kenya,288,3,1,2,239.03,33,0,0,3,83.92,2.712104294322155,0
user_298,Nigeria,130,7,5,2,202.42,79,0,0,4,394.39,3.274586903131308,0
user_299,Ghana,175,7,5,2,110.26,9,0,0,2,352.52,2.1812173623294626,0
user_300,Nigeria,84,3,2,1,59.71,40,0,0,1,161.07,3.045661400284354,0
user_301,Nigeria,22,4,4,0,32.9,83,2,0,0,165.37,2.4269410808867242,0
user_302,Ghana,27,1,0,1,211.06,23,0,0,2,281.78,4.926199160319334,0
user_303,Ghana,195,3,3,0,237.57,68,1,1,2,426.19,3.096564293964165,0
user_304,Ghana,337,5,5,0,249.67,26,1,0,2,193.09,2.553175945985375,0
user_305,Kenya,236,5,3,2,274.99,38,0,0,1,30.59,4.174449591416184,0
user_306,Cameroon,92,6,5,1,265.18,60,1,0,2,187.21,2.8715141405017537,0
user_307,Ghana,21,1,1,0,299.92,21,1,0,6,103.66,2.3975142962305345,0
user_308,Nigeria,303,6,4,2,80.78,80,0,1,2,469.6,4.387529919057945,1
user_309,Kenya,357,6,6,0,231.36,93,1,0,2,348.64,3.176858461867363,0
user_310,Nigeria,84,1,0,1,180.07,60,2,0,1,25.42,4.341021304225833,1
user_311,Nigeria,262,3,0,3,85.76,21,0,0,2,146.49,3.4849461289983994,0
user_312,Nigeria,147,6,3,3,294.75,78,0,0,1,25.11,3.629198785446457,0
user_313,Nigeria,257,8,7,1,270.39,96,1,0,3,415.01,4.063178789679632,0
user_314,Cameroon,58,8,6,2,47.27,86,0,0,3,453.15,2.865172639623133,0
user_315,Kenya,15,8,7,1,17.59,22,0,1,5,56.14,2.6897854331889057,0
user_316,Ghana,162,8,6,2,209.62,49,0,1,6,220.15,4.7018368060612135,0
user_317,Nigeria,163,2,1,1,185.2,82,1,0,0,465.94,4.07891930658643,1
user_318,Nigeria,320,6,6,0,281.39,60,1,0,4,72.61,3.4325020177501786,1
user_319,Nigeria,281,4,3,1,77.86,84,1,0,2,145.95,4.295700912423562,1
user_320,Nigeria,280,8,8,0,34.47,54,0,0,1,152.14,4.04015970887014,1
user_321,Ghana,12,11,11,0,85.17,62,1,0,1,15.03,4.443302867018856,0
user_322,Kenya,274,2,2,0,15.49,22,0,0,3,18.14,2.3571654571195864,0
user_323,Ghana,271,5,3,2,20.41,84,1,0,1,476.4,3.435820959631002,0
user_324,Nigeria,208,10,9,1,275.31,85,0,0,2,285.55,4.629802999991599,0
user_325,Cameroon,27,4,4,0,112.08,11,0,0,0,153.32,5.0,0
user_326,Kenya,72,8,6,2,129.13,80,0,0,1,189.34,2.9640617531866806,1
user_327,Ghana,60,4,3,1,15.33,14,1,0,2,357.42,3.6591653848110623,0
user_328,Ghana,145,3,1,2,88.45,73,1,0,0,183.26,3.5193358185846284,1
user_329,Nigeria,93,6,6,0,243.37,89,0,0,0,113.88,2.2558187842898043,0
user_330,Nigeria,309,7,6,1,188.49,7,0,1,3,50.92,3.2124401935759868,0
user_331,Nigeria,8,4,2,2,228.6,87,1,0,2,364.47,1.9213073212735277,0
user_332,Kenya,79,7,5,2,139.69,48,1,1,4,90.28,3.3326783906788493,1
user_333,Nigeria,27,4,3,1,99.82,74,3,0,3,34.82,2.461981123215372,1
user_334,Nigeria,174,3,2,1,150.01,18,1,0,3,213.48,3.6699147814821638,0
user_335,Nigeria,50,4,3,1,103.69,8,0,0,4,19.79,3.1901027796967716,0
user_336,Nigeria,199,6,5,1,253.3,22,0,0,4,482.5,3.1741849202183765,0
user_337,South Africa,349,6,6,0,96.33,97,1,1,3,313.65,5.0,0
user_338,Kenya,181,8,6,2,201.33,56,0,0,1,76.35,3.570809168853652,1
user_339,Nigeria,24,7,5,2,49.72,42,0,0,0,86.23,5.0,0
user_340,Nigeria,316,2,1,1,209.19,84,0,0,4,284.91,3.946371533215678,0
user_341,Nigeria,46,6,4,2,274.86,24,1,0,2,178.28,4.315552859926083,0
user_342,Nigeria,15,4,3,1,186.49,92,3,0,2,387.13,2.6304776315955776,1
user_343,Nigeria,153,2,1,1,172.36,48,0,0,1,272.9,2.80632135706887,0
user_344,Nigeria,222,9,8,1,288.72,55,3,1,1,216.67,3.517263879259107,0
user_345,Nigeria,206,5,4,1,191.95,23,0,0,4,481.49,4.713075236719983,0
user_346,Ghana,273,3,2,1,85.27,72,1,0,1,195.36,3.1370459788460674,0
user_347,Ghana,236,2,1,1,94.79,70,1,0,0,200.31,2.0685477087709554,0
user_348,Nigeria,340,6,6,0,214.54,17,1,1,3,332.89,3.8979903585471,1
user_349,Nigeria,228,3,1,2,223.28,66,0,1,0,404.74,3.5639783102800897,1
user_350,Ghana,9,6,6,0,98.01,65,1,0,3,313.11,2.948989922662821,0
user_351,Ghana,166,5,3,2,110.15,34,1,0,0,349.31,3.126936213036207,0
user_352,South Africa,319,2,1,1,297.41,34,1,0,2,186.47,2.6289263291047584,1
user_353,Ghana,214,7,5,2,39.57,55,0,0,2,239.75,4.4239067512627726,0
user_354,Nigeria,117,6,4,2,127.35,92,0,1,2,98.52,3.523324096991326,0
user_355,Nigeria,344,5,3,2,28.11,52,0,0,2,340.12,3.7404773898915775,0
user_356,Ghana,72,8,8,0,248.11,37,0,0,1,110.73,2.9035735077925517,0
user_357,Nigeria,64,3,3,0,36.78,78,0,0,3,0.63,4.836227249624606,0
user_358,Ghana,205,5,2,3,205.46,86,0,0,1,466.88,3.7207966869447002,1
user_359,South Africa,209,5,2,3,26.38,23,1,1,1,153.01,1.3588642840300942,1
user_360,Ghana,72,4,4,0,205.13,75,0,0,2,98.32,3.9599815948071013,0
user_361,Nigeria,277,3,1,2,254.48,61,0,0,1,134.07,3.2356793083306905,0
user_362,Ghana,274,3,2,1,125.66,23,1,1,3,165.22,3.336054911902858,0
user_363,Nigeria,320,5,3,2,161.42,92,0,0,2,237.27,4.4936909520929555,0
user_364,Ghana,338,5,4,1,126.45,83,0,0,2,34.68,3.588571617814492,0
user_365,South Africa,95,6,6,0,97.14,45,3,0,2,26.34,5.0,0
user_366,Nigeria,166,6,5,1,242.95,46,1,0,2,146.46,3.6055931381510407,1
user_367,Cameroon,32,6,6,0,88.88,91,0,0,1,147.88,3.033382989040789,0
user_368,South Africa,11,6,6,0,219.65,56,0,0,1,58.82,1.6867120523756227,1
user_369,Nigeria,301,7,7,0,69.8,8,0,0,4,202.4,2.782130052048144,0
user_370,Nigeria,217,2,2,0,82.46,8,1,0,4,142.01,3.1777548790308394,0
user_371,Nigeria,289,5,5,0,107.57,9,0,0,4,13.03,4.966288172339236,0
user_372,Nigeria,102,3,2,1,180.86,45,0,0,3,442.86,3.0394456692870904,1
user_373,Nigeria,267,1,0,1,141.78,91,0,0,1,443.01,5.0,0
user_374,Ghana,214,8,8,0,226.09,65,1,1,2,104.59,2.3516899486309106,0
user_375,Nigeria,179,0,0,0,71.93,79,1,0,2,81.44,2.727531973380527,0
user_376,Nigeria,88,4,1,3,13.09,59,0,0,2,273.65,4.6269769873497975,0
user_377,Kenya,41,3,2,1,235.2,79,0,1,3,315.38,2.9048779789927957,1
user_378,Nigeria,76,3,3,0,248.28,17,3,0,1,478.77,4.599228645693762,0
user_379,Kenya,46,2,1,1,27.25,18,0,0,3,188.67,2.6736984829105763,1
user_380,Nigeria,160,3,2,1,187.16,64,0,0,5,309.1,2.7739098418408266,0
user_381,Nigeria,80,8,6,2,119.68,76,2,0,2,439.09,4.141848933956967,0
user_382,Ghana,310,6,6,0,240.23,29,1,0,2,224.98,2.6876986513174677,0
user_383,Ghana,86,4,4,0,263.58,86,0,1,3,61.17,3.2255956544148803,0
user_384,South Africa,92,6,5,1,256.79,48,0,0,3,188.72,3.894778625689483,1
user_385,Kenya,148,5,3,2,235.39,86,0,0,2,68.28,3.247394270842646,0
user_386,Kenya,161,1,0,1,88.03,14,0,0,3,8.32,2.9374215973502165,0
user_387,Nigeria,202,3,3,0,245.45,75,1,0,2,375.78,2.2927720940206697,0
user_388,Nigeria,242,3,2,1,164.71,54,0,1,3,119.21,4.949328607951683,0
user_389,Kenya,353,3,2,1,25.3,48,0,0,2,1.0,5.0,0
user_390,Kenya,2,9,8,1,142.51,18,0,0,5,436.22,3.8293356628720914,0
user_391,Cameroon,225,2,1,1,283.23,19,1,0,0,221.89,3.267882851053606,1
user_392,Nigeria,289,3,3,0,267.48,20,0,0,0,119.43,3.3228282409721994,0
user_393,Nigeria,233,5,5,0,39.66,6,1,0,5,131.39,4.3321929081362,0
user_394,Kenya,77,4,2,2,225.8,34,0,0,2,120.27,4.531782025643939,1
user_395,Nigeria,116,3,2,1,243.68,34,1,1,2,97.28,2.959847145147652,0
user_396,South Africa,154,3,3,0,88.7,86,1,0,3,420.61,4.574608173733235,0
user_397,South Africa,103,0,0,0,146.77,35,0,0,4,85.17,4.115088984149365,0
user_398,Nigeria,194,2,1,1,216.19,81,1,0,0,280.93,4.557223741768617,0
user_399,Kenya,166,7,6,1,137.32,24,2,0,0,38.66,1.8982230549256298,0
user_400,Kenya,359,4,3,1,42.71,53,0,0,4,474.76,3.0807965298510243,0
user_401,Nigeria,90,3,3,0,214.71,39,0,0,1,301.66,3.3270985831019235,1
user_402,South Africa,174,11,9,2,274.38,27,0,0,0,451.58,3.0310463035881847,0
user_403,Ghana,122,2,1,1,199.22,65,1,0,3,198.94,5.0,0
user_404,Kenya,143,6,5,1,234.4,88,0,0,2,405.34,3.090132362883134,0
user_405,Nigeria,106,11,11,0,113.93,59,0,1,1,426.83,3.9683924202349283,1
user_406,South Africa,305,3,3,0,63.13,71,0,0,0,351.47,3.652839915724254,1
user_407,Nigeria,360,5,3,2,196.4,12,0,0,2,46.47,3.209772802374759,0
user_408,Nigeria,317,6,6,0,105.05,44,0,0,0,8.04,2.7913597723940042,0
user_409,South Africa,123,4,3,1,259.42,63,1,0,0,84.28,5.0,0
user_410,Nigeria,9,3,2,1,45.56,36,0,0,2,59.05,3.278127671717824,0
user_411,Nigeria,262,10,10,0,135.7,97,2,0,4,362.57,4.375584582421652,0
user_412,Cameroon,73,2,1,1,125.05,11,0,0,2,278.5,3.490351667049211,0
user_413,Cameroon,359,4,4,0,282.04,6,1,0,2,262.98,3.04127833841685,0
user_414,Ghana,223,7,7,0,54.41,89,0,0,1,126.43,3.6082915774550988,0
user_415,Ghana,41,6,5,1,12.86,10,0,0,2,77.3,3.808113716642991,0
user_416,Nigeria,204,7,6,1,79.04,96,0,0,4,103.27,3.0304142818966184,0
user_417,Nigeria,264,5,4,1,247.88,40,0,1,1,200.14,2.735379381835007,0
user_418,Nigeria,328,7,5,2,70.7,36,2,0,3,370.07,3.9761740090044144,0
user_419,Ghana,178,1,1,0,79.85,49,0,1,0,127.26,3.6163672649697602,0
user_420,Kenya,348,6,6,0,47.67,46,1,1,2,349.31,2.8479421863461827,1
user_421,Kenya,318,5,4,1,217.48,57,0,1,4,245.76,2.5615646552425937,0
user_422,Kenya,84,15,15,0,30.06,13,1,0,2,442.72,3.8492788347158777,0
user_423,Nigeria,318,6,2,4,106.05,79,0,1,2,116.46,1.5819193351753407,0
user_424,Nigeria,111,3,3,0,91.92,91,1,0,0,225.43,3.239400171372739,0
user_425,Nigeria,251,2,2,0,171.0,79,0,0,2,48.33,3.635088323550674,0
user_426,Ghana,7,5,4,1,221.82,53,0,0,0,167.58,5.0,0
user_427,Nigeria,84,7,6,1,164.53,6,1,0,2,253.44,3.5104811598432453,0
user_428,South Africa,208,3,3,0,280.0,71,1,0,3,366.37,3.1988086425213793,0
user_429,Nigeria,314,3,2,1,285.92,15,0,0,1,99.04,3.784560851325541,0
user_430,Nigeria,22,4,4,0,114.82,54,0,0,1,109.05,2.7834592443092725,0
user_431,Nigeria,3,2,1,1,235.53,39,0,0,2,315.79,3.2810637634017223,1
user_432,Kenya,127,3,3,0,224.25,19,0,0,2,191.23,3.5293020281177805,0
user_433,Ghana,297,5,5,0,268.96,79,2,0,5,241.05,4.129512357866923,0
user_434,Nigeria,188,7,4,3,139.9,35,0,1,3,418.07,2.8269998097154665,1
user_435,Nigeria,362,5,5,0,163.84,96,0,0,2,249.54,3.4942761690969886,0
user_436,Kenya,14,7,5,2,130.57,66,1,0,0,326.25,1.7089844786411308,0
user_437,Nigeria,12,2,2,0,256.61,32,1,1,1,328.39,4.016680519172647,0
user_438,Kenya,87,6,4,2,76.61,29,0,0,2,401.81,3.2695599887931435,0
user_439,Kenya,12,4,4,0,79.52,88,2,0,0,319.07,5.0,0
user_440,Nigeria,25,2,2,0,118.06,96,0,1,1,32.4,3.8513353510658064,0
user_441,Nigeria,301,6,6,0,76.8,29,0,1,3,171.09,2.633008425960369,0
user_442,Cameroon,243,3,1,2,172.69,79,2,0,2,494.66,2.4063141377888106,0
user_443,Nigeria,122,3,3,0,49.0,87,0,0,3,98.26,4.161699931237262,0
user_444,Nigeria,147,4,4,0,102.85,96,0,1,2,293.36,5.0,0
user_445,Kenya,55,4,4,0,274.9,5,0,0,2,421.47,4.990163757159741,0
user_446,South Africa,238,5,5,0,128.68,63,1,0,2,293.28,2.287308752468723,0
user_447,Cameroon,356,4,3,1,226.99,73,1,0,5,186.14,3.7032935029895016,0
user_448,Kenya,173,6,6,0,42.9,78,2,0,2,40.11,4.627020259021048,0
user_449,Nigeria,221,4,3,1,81.79,46,1,0,1,180.83,2.158840287792524,0
user_450,Nigeria,119,7,5,2,244.13,38,0,1,2,91.03,4.53736723976412,0
user_451,Kenya,309,9,8,1,231.27,70,0,0,1,480.43,2.7972120541170775,0
user_452,Ghana,183,3,3,0,121.99,22,2,0,1,357.52,3.2845270642373126,0
user_453,Nigeria,288,4,3,1,286.78,81,1,0,1,374.69,3.776632404366441,0
user_454,South Africa,307,3,2,1,274.09,9,1,0,1,217.98,4.568315536685861,1
user_455,Nigeria,300,4,2,2,289.07,24,0,0,4,54.98,5.0,0
user_456,Nigeria,82,5,3,2,134.1,70,1,1,2,133.36,3.1770667254353544,0
user_457,Nigeria,211,2,0,2,67.27,79,0,1,0,129.86,3.020360254200736,0
user_458,Nigeria,150,5,3,2,191.73,66,1,0,0,243.39,2.9537716312824847,0
user_459,Nigeria,37,10,10,0,208.58,98,1,0,1,230.49,4.2795842461630365,1
user_460,Nigeria,352,5,4,1,46.38,36,1,0,1,216.7,4.495555796635211,1
user_461,Nigeria,312,5,5,0,238.08,62,0,1,2,247.99,4.394413835934667,0
user_462,Ghana,361,7,6,1,15.24,54,0,0,0,493.51,3.7697893198938828,0
user_463,Kenya,59,5,4,1,149.99,42,1,1,3,149.18,3.868447028896243,1
user_464,Ghana,131,7,7,0,105.99,59,0,0,2,307.63,3.2696311827202145,1
user_465,Cameroon,202,3,3,0,224.69,32,0,0,1,119.75,3.362895257909564,0
user_466,Nigeria,243,3,1,2,100.7,78,1,0,4,233.3,4.35397354047802,0
user_467,Nigeria,35,6,6,0,249.77,90,1,0,3,100.02,3.7642919453151316,0
user_468,South Africa,93,4,4,0,182.54,85,1,1,2,279.1,3.0268339354730904,0
user_469,Nigeria,207,4,3,1,240.23,26,2,0,9,132.51,4.599326611460845,0
user_470,Cameroon,353,2,1,1,296.91,47,0,0,4,18.39,2.8921644354781613,1
user_471,Nigeria,332,2,0,2,206.96,87,1,0,3,407.64,3.6456977820672223,1
user_472,Cameroon,305,3,3,0,295.64,85,2,0,2,64.13,2.2599787703846923,0
user_473,Nigeria,350,4,2,2,18.36,92,0,0,4,184.02,2.5541990684009526,0
user_474,South Africa,213,6,5,1,108.06,40,0,0,1,238.59,3.519105375292004,0
user_475,Ghana,159,4,4,0,41.28,56,0,0,4,216.24,2.803756779559003,0
user_476,Cameroon,24,5,5,0,86.07,40,0,0,1,362.83,3.270849340970358,0
user_477,Nigeria,293,4,1,3,253.28,32,0,0,3,298.39,4.7132699809869045,0
user_478,Ghana,4,5,4,1,19.37,82,0,0,4,147.69,3.3752436416108966,0
user_479,Cameroon,220,8,7,1,160.85,62,0,0,1,25.85,4.399849234157159,0
user_480,Ghana,364,4,4,0,174.47,40,0,0,1,383.8,2.7192874864772296,0
user_481,Ghana,20,2,2,0,172.73,74,0,0,2,176.26,4.0489043339794275,1
user_482,Ghana,152,2,0,2,147.84,13,0,0,1,444.86,2.499809272095036,0
user_483,Nigeria,50,3,0,3,239.27,25,1,0,4,197.53,3.2502190148173815,0
user_484,Ghana,177,6,6,0,48.73,68,0,0,4,358.83,4.089494009367669,0
user_485,Ghana,96,4,4,0,100.07,80,2,0,1,469.78,3.5127572290553846,1
user_486,South Africa,105,3,1,2,188.56,65,0,0,3,325.58,4.4423007227024085,0
user_487,Nigeria,250,4,2,2,210.38,98,0,0,3,206.74,4.1675142353971815,0
user_488,Nigeria,117,3,1,2,127.2,99,0,1,2,283.7,3.1915948506612537,0
user_489,Cameroon,354,8,8,0,263.86,44,2,0,1,271.72,4.796948372810968,0
user_490,South Africa,228,4,0,4,130.49,60,0,0,1,292.41,3.9363050707967915,0
user_491,Nigeria,66,8,7,1,126.81,8,1,0,2,73.41,3.2563107770582222,0
user_492,Ghana,335,4,1,3,20.5,35,0,0,1,349.25,3.6457661802937396,0
user_493,Nigeria,262,4,3,1,169.83,31,0,0,2,72.52,3.590918250856321,1
user_494,Nigeria,295,1,0,1,215.52,62,0,1,2,7.31,3.701592326413204,0
user_495,Nigeria,243,3,2,1,43.19,29,0,0,2,312.39,3.358240675055596,0
user_496,Nigeria,186,8,7,1,98.58,73,1,0,2,58.46,3.87252771630532,0
user_497,Ghana,246,6,5,1,236.56,74,0,0,2,385.21,4.289819703512237,1
user_498,Nigeria,125,6,5,1,116.12,9,0,0,3,432.98,3.9255639215086497,0
user_499,Cameroon,268,9,7,2,80.06,95,0,0,0,472.37,3.8915284661940883,0
user_500,Cameroon,131,4,3,1,204.94,12,1,1,2,332.24,3.3993209406229354,0
user_501,Ghana,237,3,0,3,67.06,13,1,1,1,241.01,2.613917711770832,0
user_502,Ghana,18,8,7,1,269.74,19,2,0,1,176.14,2.370655565201264,0
user_503,Nigeria,40,3,3,0,40.62,11,0,1,1,245.46,2.7924236633587793,1
user_504,Kenya,21,2,1,1,214.9,76,1,0,2,95.18,3.081996033992264,0
user_505,Ghana,225,2,2,0,154.87,19,0,0,1,174.21,5.0,0
user_506,Nigeria,355,7,6,1,262.28,41,0,0,1,358.97,4.751661545473334,0
user_507,South Africa,282,5,4,1,46.6,87,0,0,3,108.71,2.906683765423056,0
user_508,Kenya,8,6,5,1,206.59,43,0,1,3,132.03,3.949702282895764,1
user_509,South Africa,100,5,4,1,175.9,10,0,1,4,374.66,3.4323777919294587,0
user_510,Kenya,240,9,8,1,149.23,87,1,1,2,88.92,3.7359907646150767,0
user_511,Ghana,87,4,3,1,152.51,61,1,0,1,122.94,2.9513793599306712,0
user_512,Nigeria,298,5,4,1,219.37,96,4,0,3,8.77,5.0,0
user_513,South Africa,14,7,6,1,281.95,85,1,0,3,360.03,5.0,0
user_514,South Africa,334,3,2,1,36.46,23,0,0,7,308.95,3.2073824846202252,1
user_515,Nigeria,2,8,6,2,15.66,67,1,0,0,347.19,2.9036709842775696,0
user_516,Nigeria,293,5,5,0,243.65,35,2,0,2,107.16,4.425472633421596,0
user_517,Nigeria,325,5,5,0,41.37,79,1,1,1,343.69,2.2903308145855883,0
user_518,Kenya,41,2,2,0,296.14,83,0,1,2,298.19,4.345947924769373,1
user_519,Cameroon,318,8,8,0,189.61,14,0,0,3,183.06,3.6254659784585384,0
user_520,Nigeria,316,9,8,1,198.75,91,0,0,0,218.91,2.06590267400353,0
user_521,Ghana,111,3,2,1,67.68,71,0,0,3,283.96,3.348229487054753,0
user_522,Nigeria,14,4,2,2,79.69,66,0,0,2,246.65,2.844246003338634,0
user_523,Cameroon,231,4,3,1,201.21,7,0,0,2,320.91,3.6617802446876557,1
user_524,Kenya,84,4,4,0,273.82,22,1,0,0,90.49,3.5575062921190135,0
user_525,Kenya,130,9,8,1,294.89,29,0,0,1,270.35,2.152685058451638,0
user_526,Nigeria,231,5,1,4,67.43,24,0,0,0,225.14,3.1658565038624533,0
user_527,Nigeria,326,6,5,1,48.89,62,2,0,1,230.51,4.074720315849721,0
user_528,Nigeria,145,7,7,0,26.36,97,0,1,1,234.69,4.2469081719521755,0
user_529,Nigeria,345,11,10,1,261.81,90,1,0,3,440.74,3.1369419520404973,1
user_530,South Africa,28,10,10,0,95.47,54,0,1,0,409.31,3.9577706428826036,0
user_531,Kenya,66,7,6,1,10.53,83,0,0,1,314.78,3.766380200944611,0
user_532,Cameroon,163,4,3,1,74.91,14,0,0,0,358.24,3.4473562762439776,0
user_533,Cameroon,229,5,3,2,108.73,25,1,0,3,21.4,3.963879206045389,1
user_534,Ghana,261,4,2,2,297.39,33,0,0,1,372.0,2.574795571204316,0
user_535,Kenya,164,5,5,0,161.83,14,0,0,2,243.08,3.5009704008253193,0
user_536,South Africa,301,6,6,0,69.37,17,2,0,5,158.87,1.8960607635092668,0
user_537,Kenya,303,6,5,1,107.1,51,1,0,2,69.89,3.445874694149733,0
user_538,Nigeria,287,0,0,0,105.79,27,1,0,3,37.6,4.925026404685195,0
user_539,Nigeria,10,4,3,1,15.72,54,1,1,2,22.44,3.18047444910807,1
user_540,Nigeria,195,4,3,1,49.2,91,0,0,1,80.9,4.825040128250207,1
user_541,Cameroon,118,7,6,1,211.61,99,0,1,2,15.07,3.196411931179086,0
user_542,Ghana,270,9,7,2,44.87,8,2,0,3,366.32,2.415278899583771,0
user_543,Nigeria,80,3,2,1,76.91,71,0,1,5,124.31,4.165394498015749,0
user_544,Ghana,93,3,2,1,111.71,89,1,1,4,184.37,3.9639340419875873,1
user_545,Ghana,266,4,2,2,229.74,57,1,0,2,411.36,5.0,0
user_546,Nigeria,332,3,3,0,178.9,6,0,0,2,57.33,2.520704283466911,0
user_547,Nigeria,350,5,2,3,209.81,72,0,0,2,417.8,3.8564140440253123,1
user_548,Ghana,361,7,6,1,174.43,69,0,0,1,319.77,3.8920432512326926,0
user_549,Ghana,257,2,0,2,208.24,83,0,0,1,171.01,4.5581847018587975,1
user_550,Kenya,133,8,8,0,10.82,61,0,0,1,58.9,4.029798933229799,0
user_551,Ghana,276,5,5,0,279.96,74,0,1,4,45.75,3.211922455771413,0
user_552,South Africa,264,6,4,2,42.17,11,0,1,3,167.76,2.4289277931285405,0
user_553,Ghana,171,4,2,2,127.81,23,1,0,2,70.17,3.8466228924755965,0
user_554,Ghana,1,5,5,0,233.6,48,0,0,2,133.86,3.8744206515170236,1
user_555,South Africa,313,9,8,1,136.22,67,0,0,3,26.48,4.131416022296506,0
user_556,Nigeria,64,3,2,1,284.58,69,0,0,1,297.5,3.210566153478895,0
user_557,Nigeria,284,4,2,2,145.6,43,0,0,2,72.64,3.7781515603608304,0
user_558,Nigeria,121,5,5,0,263.73,87,1,0,2,378.37,1.9558487080871576,0
user_559,Kenya,107,4,3,1,245.14,30,1,1,2,109.09,2.4707537526962424,0
user_560,Ghana,175,3,2,1,294.49,48,0,0,5,398.99,4.435529513911403,0
user_561,Kenya,204,9,9,0,278.7,16,0,0,3,94.94,3.6798355280721884,1
user_562,Nigeria,165,4,3,1,270.46,26,2,0,5,360.68,3.9758200979689153,0
user_563,Nigeria,305,5,4,1,222.17,81,1,0,1,166.54,2.901648258904173,0
user_564,Nigeria,120,4,3,1,116.43,96,1,0,1,291.56,2.774547233310908,0
user_565,Nigeria,44,5,5,0,40.78,18,0,0,4,19.33,3.0764487378018925,0
user_566,Ghana,312,5,3,2,209.71,90,0,0,2,247.62,3.7376844280371015,1
user_567,Nigeria,156,9,9,0,293.81,34,4,0,3,74.34,4.185917455642722,0
user_568,Nigeria,207,5,5,0,220.72,48,2,0,1,243.16,3.250889945117896,0
user_569,South Africa,108,8,6,2,279.33,88,0,0,4,70.68,1.8404175698521703,0
user_570,Nigeria,251,5,4,1,243.25,95,2,0,3,218.54,3.901037605850973,0
user_571,Ghana,334,2,0,2,57.3,42,3,0,2,55.31,3.7670521551212874,0
user_572,Kenya,130,3,3,0,82.27,63,1,0,2,109.98,3.979172978223089,0
user_573,Nigeria,293,2,2,0,109.14,46,1,1,2,297.54,4.3564981222497625,0
user_574,Ghana,20,5,3,2,58.8,56,1,0,1,488.33,4.277558490599293,0
user_575,South Africa,282,3,3,0,178.68,67,0,1,4,224.59,4.860814227806175,0
user_576,South Africa,285,3,2,1,292.88,65,0,0,1,343.59,3.5284177300478774,0
user_577,Nigeria,1,6,6,0,230.82,38,1,0,1,269.71,3.06807228084017,0
user_578,South Africa,119,6,5,1,132.78,43,0,0,5,249.18,4.5408408407721605,0
user_579,Nigeria,35,6,6,0,11.31,45,0,0,1,32.35,4.408356055342222,0
user_580,Nigeria,198,5,4,1,100.85,41,0,0,0,72.15,3.267148306358814,0
user_581,Nigeria,245,4,4,0,162.76,69,0,0,1,441.53,4.605885823877388,0
user_582,Cameroon,59,2,2,0,104.03,83,0,0,1,205.08,3.5745284733110934,0
user_583,Nigeria,325,6,4,2,42.2,36,0,0,2,307.17,4.776323016989261,1
user_584,Nigeria,161,5,4,1,138.4,12,0,0,2,264.12,5.0,0
user_585,Ghana,179,4,1,3,83.44,22,0,0,2,189.44,5.0,0
user_586,Nigeria,206,4,0,4,273.68,49,0,0,0,193.91,3.5622373923903092,1
user_587,Nigeria,12,4,4,0,39.51,97,1,0,0,277.73,4.915430855054149,0
user_588,Nigeria,276,7,7,0,24.25,37,0,0,2,70.57,4.353846289827057,0
user_589,Nigeria,181,4,4,0,11.54,9,0,0,5,193.63,4.446961614818997,1
user_590,Nigeria,242,5,2,3,105.14,86,0,0,4,223.49,3.924431868780899,0
user_591,Nigeria,216,4,4,0,201.51,78,0,0,2,492.56,4.451104559834321,1
user_592,Ghana,251,3,2,1,221.82,40,0,0,4,175.73,2.1259157364038437,1
user_593,Nigeria,299,6,6,0,141.45,27,0,0,2,322.29,3.471158084647306,0
user_594,Nigeria,126,7,5,2,208.46,44,1,0,2,68.71,2.846518433774198,1
user_595,South Africa,217,8,5,3,114.38,9,1,0,1,32.74,2.7628834143999823,1
user_596,Nigeria,306,3,3,0,203.66,38,1,0,3,435.77,2.064497905462453,0
user_597,Ghana,285,3,2,1,21.77,28,1,1,2,365.37,2.9732856069566784,1
user_598,Nigeria,185,6,6,0,123.32,21,1,0,2,158.75,3.3258494928744424,0
user_599,Nigeria,39,3,1,2,239.35,99,0,0,3,252.29,3.6843093094732513,0
user_600,Nigeria,223,3,0,3,242.87,75,1,0,1,67.87,3.487571521580315,0
user_601,Nigeria,184,3,3,0,217.68,85,1,0,0,353.58,4.552338708882497,0
user_602,Nigeria,178,4,4,0,69.23,96,0,0,2,35.17,2.603997545006752,0
user_603,Nigeria,294,4,3,1,81.69,26,0,0,1,378.52,1.5563432722837778,0
user_604,Nigeria,340,1,0,1,298.87,19,0,0,4,273.42,4.031450598724603,0
user_605,Nigeria,151,5,3,2,39.98,19,1,0,4,139.43,3.4532716168870503,0
user_606,Nigeria,126,10,10,0,62.39,29,0,0,1,431.29,3.432509126382618,0
user_607,Nigeria,301,4,4,0,47.71,57,1,0,3,493.04,2.787215121271328,0
user_608,Nigeria,308,9,8,1,105.02,25,2,0,2,127.17,4.4091370362144175,0
user_609,Ghana,336,2,0,2,70.95,70,0,0,2,403.12,3.0809352551864766,1
user_610,Ghana,234,5,5,0,154.33,95,1,0,1,375.08,2.6164266561104443,0
user_611,Nigeria,8,9,8,1,148.05,36,0,0,1,373.6,5.0,0
user_612,Kenya,341,8,6,2,271.44,25,0,1,2,478.62,4.191574035542006,0
user_613,Ghana,129,2,0,2,20.07,72,1,0,1,243.31,3.4598416876045115,0
user_614,Nigeria,264,3,2,1,102.77,48,0,0,2,337.08,1.058757943894181,0
user_615,South Africa,157,3,3,0,183.03,87,0,0,3,411.94,3.2645753754493603,1
user_616,South Africa,352,4,4,0,185.39,70,2,0,2,239.77,3.4783833131043402,0
user_617,Nigeria,358,2,1,1,149.24,94,0,0,1,240.72,4.96368200197211,0
user_618,Nigeria,5,6,6,0,246.54,18,2,0,2,159.33,1.7500224672180347,0
user_619,Kenya,86,2,0,2,28.19,19,2,0,3,390.41,5.0,0
user_620,Kenya,175,6,6,0,246.49,24,1,0,1,343.1,3.9369331241110124,0
user_621,Nigeria,290,5,3,2,153.48,38,1,0,2,225.57,2.292417141781657,0
user_622,Nigeria,193,6,5,1,48.79,40,0,0,0,209.67,4.42181583595147,0
user_623,Nigeria,311,4,3,1,266.85,87,1,0,3,36.29,3.2561268829726746,0
user_624,Nigeria,119,3,0,3,198.28,13,0,0,1,3.25,1.8381224862393148,0
user_625,Ghana,218,3,2,1,57.43,75,1,0,3,264.45,3.0555804506045483,1
user_626,Nigeria,114,2,2,0,19.76,34,1,0,3,208.75,3.7549070295170637,0
user_627,Nigeria,145,7,6,1,50.92,81,0,0,2,398.02,3.5619371972427625,1
user_628,Kenya,26,3,3,0,186.55,95,2,0,1,271.33,4.143478145211208,0
user_629,Nigeria,136,7,7,0,62.0,67,0,0,2,468.35,4.597430608841038,0
user_630,Nigeria,303,3,2,1,75.47,39,1,0,2,98.07,2.4014323346186064,0
user_631,Kenya,232,4,3,1,17.29,17,0,0,3,495.08,3.4790956295373543,0
user_632,South Africa,76,4,3,1,219.65,83,0,0,4,148.96,2.890042374506834,0
user_633,Ghana,328,6,5,1,245.01,50,0,0,2,321.21,2.251069915538541,0
user_634,Ghana,345,4,4,0,241.09,60,0,0,0,250.93,3.448160804237791,0
user_635,Nigeria,302,2,0,2,46.99,13,2,0,4,179.79,3.9316661838579914,0
user_636,Nigeria,289,5,4,1,271.96,91,0,0,5,69.65,3.990677104544734,0
user_637,Ghana,1,5,1,4,204.96,40,1,1,5,67.42,3.104788216746445,0
user_638,Nigeria,147,4,2,2,270.28,7,3,0,2,355.75,2.4921309986005307,0
user_639,Nigeria,287,6,4,2,139.68,23,0,0,1,188.82,2.8553703660971026,0
user_640,Nigeria,142,5,5,0,136.72,32,0,0,3,480.65,1.623167974497108,0
user_641,Nigeria,53,2,1,1,237.52,27,0,0,1,162.82,2.310696668197432,0
user_642,Nigeria,304,4,4,0,37.06,11,0,1,2,491.76,2.3973770367573324,0
user_643,Nigeria,69,4,3,1,161.05,80,4,0,3,102.71,4.34530498055513,0
user_644,Nigeria,361,6,4,2,252.55,18,1,0,2,51.41,4.344403629956853,0
user_645,Nigeria,90,6,4,2,250.76,50,0,0,2,156.28,5.0,1
user_646,South Africa,220,6,5,1,287.28,19,0,0,3,442.79,3.740326832859787,0
user_647,Ghana,192,5,5,0,212.5,71,1,1,3,260.93,3.0161139746171823,0
user_648,Ghana,63,6,2,4,70.25,19,0,1,3,67.83,3.511971847763763,0
user_649,Kenya,73,4,2,2,15.88,55,0,0,1,101.25,3.3307732395293503,1
user_650,Nigeria,161,8,8,0,149.03,92,0,0,2,155.63,2.868280705670328,0
user_651,Nigeria,169,6,4,2,158.97,12,0,0,2,295.08,3.8199223812431438,1
user_652,Ghana,89,2,2,0,79.68,73,0,0,4,166.19,3.6933552236505753,0
user_653,Ghana,176,5,5,0,46.16,66,1,0,2,373.53,3.417418664393615,0
user_654,Kenya,269,5,2,3,180.0,55,0,0,1,308.15,3.2057109057042643,0
user_655,Nigeria,73,9,7,2,231.63,67,1,1,2,436.91,4.131901467646787,0
user_656,Nigeria,245,7,6,1,298.01,72,1,0,4,250.48,2.946258376882217,0
user_657,Nigeria,77,3,3,0,229.91,82,3,0,2,165.59,3.096841272585431,0
user_658,Nigeria,159,9,7,2,240.15,20,1,0,3,498.14,3.9750827309680776,0
user_659,Ghana,324,6,4,2,188.77,88,0,1,2,177.82,4.511479714061505,0
user_660,Ghana,98,3,2,1,295.92,28,0,0,0,214.3,4.42013779879797,0
user_661,Nigeria,102,8,8,0,195.59,10,2,0,1,404.56,3.240413681160942,0
user_662,Cameroon,132,4,4,0,259.47,61,0,0,2,44.32,2.235652468038321,0
user_663,Ghana,102,7,5,2,284.28,35,1,1,0,193.25,3.210509369504056,0
user_664,Nigeria,19,10,8,2,279.66,10,0,1,0,42.86,3.5735054074686596,0
user_665,Nigeria,82,6,5,1,120.61,83,0,0,2,69.65,2.385776640761903,0
user_666,Nigeria,279,6,6,0,32.81,33,1,0,2,2.32,3.191903941976312,0
user_667,Nigeria,339,3,1,2,59.84,71,1,0,1,4.77,4.7070990456621775,0
user_668,Nigeria,331,4,1,3,27.17,79,0,0,0,190.14,3.6474792456227774,0
user_669,Nigeria,129,2,1,1,40.57,7,0,0,2,404.58,2.9594101868018,0
user_670,Nigeria,344,6,6,0,63.55,32,0,0,3,293.5,3.5288389094618893,0
user_671,Nigeria,310,6,4,2,108.92,78,0,0,0,317.46,3.583746782896712,1
user_672,South Africa,89,5,4,1,167.63,52,0,1,2,259.62,3.1266491183510956,0
user_673,Nigeria,213,5,4,1,216.39,84,1,0,0,409.9,4.272379835166608,0
user_674,Ghana,143,5,4,1,71.17,14,3,0,0,440.19,1.6715980661847065,1
user_675,Nigeria,65,5,1,4,205.03,37,0,0,3,424.87,3.9717610797705816,0
user_676,Cameroon,76,5,5,0,214.24,71,0,1,2,406.07,2.926852661378341,1
user_677,Nigeria,199,2,2,0,172.0,73,3,0,3,91.36,4.545704508053305,0
user_678,Nigeria,143,3,2,1,272.05,16,1,0,2,296.94,2.2253577807493734,0
user_679,Cameroon,316,1,0,1,42.19,61,1,0,1,291.08,4.438576092545533,0
user_680,South Africa,93,3,3,0,61.37,48,0,0,2,263.97,2.7107320667645616,1
user_681,Kenya,305,3,1,2,134.31,17,0,0,1,240.41,3.821985911619116,0
user_682,Nigeria,224,5,3,2,46.75,28,0,1,3,44.59,3.0350001296844913,0
user_683,Nigeria,291,6,6,0,174.23,48,0,1,2,51.08,4.627209732092941,0
user_684,Ghana,102,5,3,2,125.54,61,2,1,2,451.14,3.308919804359886,0
user_685,South Africa,267,4,3,1,92.53,20,0,0,3,315.09,2.776940035287562,0
user_686,Ghana,355,5,5,0,59.3,25,1,1,1,131.16,4.899099744807574,0
user_687,Ghana,110,6,5,1,107.25,80,1,1,2,139.65,3.219851768376296,0
user_688,Nigeria,330,3,3,0,186.31,55,0,1,2,305.1,4.0217820386542975,0
user_689,Kenya,265,1,1,0,176.98,25,0,0,2,203.47,4.439044369269454,1
user_690,Nigeria,3,3,3,0,57.45,64,1,0,0,220.66,2.620507190570053,0
user_691,Nigeria,85,5,2,3,46.23,55,0,0,1,30.32,3.921946284983782,0
user_692,Nigeria,282,5,4,1,17.74,25,0,1,2,69.37,4.057184815867792,0
user_693,Ghana,328,4,4,0,13.6,10,0,0,1,196.68,1.9525221737958105,0
user_694,Nigeria,304,3,3,0,265.15,77,1,0,2,349.84,3.823059296680249,0
user_695,Nigeria,117,5,5,0,23.08,69,0,1,1,24.01,3.1460902757549647,0
user_696,Ghana,221,4,1,3,222.05,80,0,0,1,167.28,5.0,0
user_697,Nigeria,154,5,5,0,262.88,62,0,0,2,347.54,4.3661195155193315,0
user_698,Ghana,153,9,7,2,38.44,82,0,1,0,396.03,3.9390767359135324,0
user_699,Nigeria,12,3,3,0,136.53,10,1,1,2,95.11,1.4586717684598134,0
user_700,Nigeria,133,6,1,5,289.07,69,0,0,4,365.74,3.94498600340065,0
user_701,Ghana,304,3,3,0,251.9,90,0,1,0,477.71,2.7390259952521676,0
user_702,Nigeria,293,8,8,0,152.01,38,0,0,1,453.41,4.373528472069716,0
user_703,Nigeria,300,5,5,0,231.15,60,0,0,1,394.69,3.3400826424255663,0
user_704,Nigeria,228,5,4,1,251.68,79,0,0,2,356.16,2.980914059979798,0
user_705,Nigeria,271,3,2,1,110.93,7,0,0,1,117.57,3.0633820894039516,0
user_706,Cameroon,43,5,4,1,268.72,46,0,0,1,316.95,3.129780138801707,0
user_707,Nigeria,343,2,2,0,146.44,66,2,0,1,321.64,2.1527723426860677,0
user_708,Kenya,326,4,2,2,163.06,10,0,1,1,203.41,2.2839819710287546,1
user_709,Nigeria,302,8,8,0,299.92,10,2,0,4,246.51,3.164516315220267,0
user_710,Ghana,364,4,3,1,254.56,67,0,1,1,347.01,5.0,0
user_711,Kenya,21,6,6,0,114.91,24,0,0,2,476.05,4.214463200010927,1
user_712,Ghana,107,8,7,1,13.0,25,0,0,2,147.65,4.304004793821838,0
user_713,Nigeria,336,2,2,0,191.59,6,0,1,1,123.18,4.697228102789768,0
user_714,Nigeria,303,3,0,3,214.13,94,0,1,2,300.9,3.7811155809967154,0
user_715,Nigeria,117,7,7,0,198.73,99,1,0,1,65.4,3.043323902089652,0
user_716,South Africa,124,4,4,0,290.68,94,0,0,3,291.27,3.089016224007332,0
user_717,Kenya,281,8,8,0,260.26,60,0,0,3,44.43,2.674261172210086,0
user_718,Cameroon,292,4,3,1,140.16,14,0,0,2,245.29,4.311008103547687,1
user_719,Nigeria,203,4,3,1,28.23,91,0,1,1,310.21,2.563755590906269,0
user_720,Kenya,51,4,4,0,148.06,74,0,0,3,35.05,5.0,0
user_721,South Africa,271,6,5,1,209.88,27,0,0,6,103.48,2.5970916341489327,0
user_722,Nigeria,324,7,6,1,186.24,96,0,0,2,167.69,4.722904558707429,0
user_723,Nigeria,277,2,1,1,166.06,34,1,0,1,184.3,4.728300663744076,0
user_724,Kenya,141,5,4,1,145.96,82,0,0,3,338.05,4.12435384983829,1
user_725,Ghana,275,5,5,0,95.19,41,0,0,2,264.51,5.0,0
user_726,Kenya,290,5,4,1,90.43,59,0,0,1,191.05,3.303765091387258,0
user_727,Nigeria,334,4,0,4,155.07,53,0,0,2,225.34,3.628267440219342,0
user_728,Kenya,52,6,3,3,56.57,38,1,0,1,6.49,3.7244265278208,1
user_729,Nigeria,27,4,3,1,108.8,48,0,0,2,385.26,4.090120369221022,0
user_730,Nigeria,157,5,4,1,103.95,26,1,1,3,20.5,1.6810333222918636,0
user_731,Nigeria,239,4,3,1,180.27,35,0,1,1,414.66,3.393863475297471,0
user_732,Kenya,156,3,3,0,29.34,11,0,0,1,270.5,4.35823604848798,1
user_733,Ghana,291,3,3,0,250.6,25,1,0,5,263.91,3.1280842391769705,0
user_734,Ghana,136,4,3,1,173.09,20,0,1,1,352.29,5.0,1
user_735,Nigeria,144,3,2,1,204.54,24,1,0,1,429.78,3.6280312169445326,1
user_736,South Africa,106,7,5,2,213.9,47,0,0,1,471.32,4.014521707658901,0
user_737,Nigeria,158,7,7,0,94.53,48,0,0,0,271.68,5.0,0
user_738,Kenya,146,6,6,0,146.41,51,3,0,2,75.33,3.629432937254889,0
user_739,Nigeria,2,5,3,2,287.31,23,1,0,5,439.32,5.0,0
user_740,Nigeria,77,4,4,0,232.34,52,1,0,1,20.34,4.083146170608616,0
user_741,Nigeria,132,4,0,4,291.17,83,0,0,2,403.67,4.085080775564131,0
user_742,Nigeria,90,7,7,0,226.41,73,0,0,4,340.21,2.6108388368389215,0
user_743,Kenya,345,6,5,1,60.92,15,0,1,3,452.36,4.606460202814482,0
user_744,Ghana,350,3,2,1,28.72,83,1,0,2,448.73,2.8936093105272453,0
user_745,Nigeria,263,4,4,0,177.52,33,0,0,0,26.58,3.3136157353243023,0
user_746,South Africa,351,4,4,0,113.77,49,0,1,3,304.72,4.759198447336018,0
user_747,Nigeria,108,4,3,1,89.88,72,1,0,3,62.34,3.1332587269206296,0
user_748,Ghana,74,7,5,2,244.09,40,0,0,0,39.23,3.8477894796082186,0
user_749,South Africa,39,6,5,1,116.43,52,0,1,1,224.14,3.4461276208130505,1
user_750,Ghana,159,7,7,0,101.93,91,0,0,2,48.8,3.481001132723523,0
user_751,Nigeria,71,3,2,1,256.5,19,0,0,6,363.95,3.3505401147483624,0
user_752,South Africa,312,5,3,2,255.42,48,0,1,2,484.47,2.4638235982242045,0
user_753,Ghana,241,5,5,0,113.35,71,1,0,1,284.79,4.045143166680079,0
user_754,Nigeria,298,4,4,0,251.42,78,0,0,3,117.58,4.134121801241815,0
user_755,Nigeria,36,5,4,1,256.73,44,0,1,1,421.6,2.9180125871344096,0
user_756,Kenya,84,2,0,2,132.94,90,0,1,5,426.55,3.0577113220355625,0
user_757,Ghana,263,6,5,1,29.28,18,0,1,1,366.39,4.41299123721759,0
user_758,Ghana,310,2,1,1,10.46,67,0,0,3,307.57,3.2362122683162537,0
user_759,South Africa,172,3,2,1,161.75,85,0,0,2,433.9,3.592597148551268,0
user_760,Kenya,173,3,2,1,109.78,89,1,0,2,81.65,2.618402759414151,0
user_761,Nigeria,362,5,5,0,299.17,55,0,0,3,465.8,3.4365272882764355,0
user_762,Nigeria,47,0,0,0,234.0,83,0,0,2,473.6,2.6238213211944617,0
user_763,Nigeria,141,9,9,0,230.77,62,1,0,1,436.0,2.895024243294555,0
user_764,Kenya,118,4,3,1,287.02,19,1,0,2,125.33,2.7358191683265343,1
user_765,Nigeria,277,2,2,0,267.44,69,0,0,0,429.09,4.363283625665626,1
user_766,Ghana,214,5,4,1,102.27,92,1,0,2,248.82,2.1704125834345467,0
user_767,Kenya,220,3,3,0,58.14,59,0,0,3,297.47,3.766681677796168,0
user_768,South Africa,26,2,1,1,226.31,80,1,1,1,420.3,3.276875562180995,0
user_769,Nigeria,9,5,3,2,119.7,14,0,0,0,14.79,4.896262493138135,0
user_770,Kenya,271,5,3,2,147.22,46,1,0,2,181.47,4.279469984579824,1
user_771,Nigeria,10,3,2,1,192.82,99,1,1,2,407.85,2.260033881394163,0
user_772,Kenya,121,4,1,3,273.28,15,0,0,2,406.98,2.939477193460865,0
user_773,Nigeria,125,2,1,1,131.54,20,0,0,1,424.34,3.486086926970445,1
user_774,Nigeria,170,9,4,5,237.16,77,0,0,0,84.61,2.939273880346052,0
user_775,Kenya,72,13,12,1,87.82,82,0,1,3,352.94,4.40827333262081,0
user_776,Nigeria,152,4,3,1,212.41,23,0,0,1,73.25,3.669941924551895,0
user_777,Nigeria,208,3,3,0,10.46,35,0,0,0,392.55,3.30665405028728,0
user_778,Kenya,49,9,9,0,262.74,77,0,1,2,122.56,4.480897368383513,0
user_779,Kenya,154,2,0,2,18.81,57,0,1,3,368.91,2.322641612199307,0
user_780,Ghana,347,4,2,2,216.7,94,2,0,1,227.5,3.2344873246705483,1
user_781,Ghana,293,7,6,1,23.41,12,1,1,5,493.13,3.7479991645560355,0
user_782,Ghana,68,3,1,2,87.21,28,1,1,1,289.95,3.3586854696444317,0
user_783,Nigeria,50,4,3,1,154.19,12,0,0,0,316.29,1.0,0
user_784,Nigeria,152,7,7,0,131.78,87,1,0,3,184.08,3.8390236103589235,0
user_785,Nigeria,19,3,2,1,65.63,52,3,0,0,367.26,4.002727596310878,1
user_786,South Africa,100,8,8,0,106.81,34,0,0,2,247.44,2.48745203271097,0
user_787,Ghana,60,6,6,0,221.03,62,0,1,0,9.03,1.3170247135489896,1
user_788,Nigeria,167,6,5,1,204.08,90,1,0,4,304.29,2.822264417122166,0
user_789,Nigeria,202,8,6,2,30.83,59,0,1,1,415.23,3.296518068149496,0
user_790,South Africa,345,3,2,1,226.72,77,0,0,3,118.4,3.389468890232261,1
user_791,Nigeria,146,6,4,2,25.38,66,0,0,0,110.53,1.5328935425386325,0
user_792,Ghana,164,5,1,4,167.45,52,0,0,1,304.44,3.7032183661613454,0
user_793,Ghana,242,8,7,1,85.42,8,0,0,2,408.99,4.528876739527013,0
user_794,Ghana,69,10,10,0,180.43,41,1,1,2,124.81,4.456806627475862,1
user_795,Nigeria,175,2,2,0,85.79,12,1,0,2,466.13,4.721843347696002,1
user_796,South Africa,49,4,4,0,295.64,5,1,0,0,463.69,2.2870263604015904,1
user_797,South Africa,108,6,5,1,99.82,96,0,0,1,100.27,4.379062308169184,0
user_798,Ghana,226,4,3,1,80.17,74,0,1,4,131.89,2.5661794222094416,0
user_799,Ghana,161,6,4,2,90.75,51,1,1,1,350.3,4.2892399536629915,0
user_800,South Africa,119,4,4,0,269.98,79,0,0,2,475.87,2.76264864242227,0
user_801,Kenya,149,7,4,3,194.5,9,0,0,5,354.94,3.852023125929608,0
user_802,Nigeria,150,5,4,1,221.9,54,1,0,2,222.45,5.0,0
user_803,Ghana,293,1,0,1,276.22,28,0,0,5,84.5,4.432936328968365,0
user_804,Ghana,143,4,2,2,274.44,51,0,0,4,230.5,2.577723642636397,0
user_805,Nigeria,160,12,10,2,224.29,22,1,0,3,303.38,2.36111594476323,1
user_806,Kenya,11,10,7,3,67.37,88,1,0,2,165.48,4.276340367916756,1
user_807,South Africa,138,4,2,2,254.58,32,1,0,1,255.13,4.819467843955265,0
user_808,South Africa,78,3,1,2,69.1,81,1,0,1,65.11,3.929799489530097,0
user_809,Nigeria,77,6,6,0,225.44,9,0,0,3,226.09,2.988827032060793,0
user_810,Nigeria,254,6,4,2,208.82,34,1,0,3,45.39,3.5418700502668847,0
user_811,Cameroon,258,5,5,0,230.08,5,1,0,1,24.54,3.932444131477495,0
user_812,Kenya,320,2,2,0,164.48,90,0,0,4,428.62,3.410444348665393,1
user_813,Nigeria,291,9,7,2,195.23,86,1,0,2,102.54,2.578719360506793,0
user_814,South Africa,263,6,5,1,286.46,50,1,0,5,287.58,4.563738566163087,0
user_815,South Africa,85,4,3,1,39.32,73,0,1,6,74.49,5.0,0
user_816,Ghana,146,6,6,0,99.57,35,0,0,1,131.26,4.92655481851817,0
user_817,Ghana,323,8,8,0,187.29,74,0,1,2,180.67,1.328834620312989,0
user_818,Nigeria,42,2,1,1,289.58,95,0,0,1,71.84,4.6559820411207,0
user_819,Nigeria,125,2,2,0,37.72,60,0,0,2,22.98,4.078199733200157,0
user_820,Nigeria,167,6,5,1,16.54,93,0,0,2,438.58,2.842718727778382,0
user_821,Kenya,241,6,5,1,26.17,97,0,0,0,5.92,1.5378173720644788,0
user_822,Nigeria,280,4,3,1,25.2,32,0,0,2,30.66,3.3863631477179026,0
user_823,Nigeria,188,9,9,0,273.27,20,0,0,0,402.54,3.8636815638676256,0
user_824,Nigeria,302,3,2,1,219.16,58,0,0,5,141.0,2.393145109526771,0
user_825,Ghana,19,5,4,1,206.36,57,0,1,2,361.41,4.732257482378428,1
user_826,South Africa,68,8,7,1,161.55,16,2,0,0,73.11,4.708019437874006,0
user_827,Nigeria,218,5,4,1,236.77,24,1,0,1,118.64,3.9679159256727843,0
user_828,Nigeria,102,5,4,1,55.14,86,0,0,3,286.39,2.127184966205264,1
user_829,Kenya,42,7,6,1,123.66,38,1,0,3,494.32,3.237924532450724,0
user_830,Nigeria,288,4,3,1,152.1,57,0,0,2,36.72,4.223692885460903,1
user_831,Nigeria,167,6,6,0,42.02,68,0,0,3,200.28,4.157740981709541,1
user_832,Nigeria,109,5,5,0,131.66,27,0,0,3,21.54,2.8009708617210913,0
user_833,Nigeria,36,6,6,0,101.79,31,1,0,1,99.61,2.947609302099281,1
user_834,Nigeria,232,5,2,3,20.32,21,0,0,0,453.74,2.775184037722878,0
user_835,Nigeria,229,5,4,1,49.65,52,0,0,2,48.23,3.2171115857170207,0
user_836,Nigeria,353,4,2,2,231.57,25,2,1,3,428.43,3.013310754253078,1
user_837,South Africa,164,4,2,2,15.23,54,0,1,0,88.9,2.8310697816780137,1
user_838,Nigeria,73,5,5,0,280.93,44,0,1,3,430.89,3.3623823203510543,0
user_839,Ghana,136,3,2,1,35.06,99,0,0,1,269.01,3.539991566085223,0
user_840,Ghana,353,5,5,0,241.78,7,0,0,2,439.1,4.587052822380546,0
user_841,Nigeria,70,7,7,0,270.6,21,0,0,0,75.85,1.7187277449021732,0
user_842,Ghana,196,3,2,1,282.93,65,0,0,2,381.02,4.71926331311775,0
user_843,Nigeria,269,0,0,0,261.57,54,0,0,3,340.35,2.752684265960024,1
user_844,Cameroon,49,5,3,2,93.39,94,2,1,2,271.47,5.0,0
user_845,Nigeria,316,4,4,0,106.6,91,0,0,0,405.29,4.173197034283219,0
user_846,Nigeria,130,1,0,1,133.7,10,0,0,1,324.14,4.04733816057683,0
user_847,Nigeria,5,5,4,1,50.4,32,1,0,2,438.52,3.395985343339187,0
user_848,Cameroon,27,5,5,0,16.46,76,1,0,0,190.53,5.0,0
user_849,Ghana,160,3,2,1,262.05,59,1,0,3,294.96,3.469394905996405,0
user_850,Ghana,149,1,1,0,170.7,62,2,0,0,435.3,5.0,0
user_851,Nigeria,264,5,4,1,186.53,49,0,0,1,107.41,2.9254671126495664,0
user_852,Kenya,230,11,9,2,278.83,76,1,0,3,242.87,4.216593652179143,0
user_853,Nigeria,200,5,5,0,202.88,23,0,0,2,480.37,5.0,0
user_854,South Africa,50,5,3,2,210.35,33,0,0,1,236.8,2.6520264859945337,0
user_855,Nigeria,67,7,7,0,238.22,27,0,1,1,126.41,3.991260168541161,0
user_856,Nigeria,300,4,3,1,43.74,36,0,0,0,175.54,2.793625076207464,0
user_857,Nigeria,58,1,0,1,114.45,14,0,0,3,442.54,3.9296625775031524,0
user_858,Nigeria,259,5,5,0,290.78,95,0,1,2,477.44,5.0,0
user_859,Ghana,342,7,7,0,277.65,53,0,0,1,475.05,2.5665808692049445,1
user_860,Nigeria,326,3,2,1,266.38,69,0,0,3,349.47,3.6560080121177068,1
user_861,Kenya,130,3,3,0,141.11,33,0,0,1,254.8,2.6655287419958196,0
user_862,Nigeria,215,9,8,1,258.59,63,0,1,1,91.34,3.3707186865822356,0
user_863,Ghana,172,1,0,1,24.03,49,0,0,2,61.61,4.121226351788664,0
user_864,Nigeria,258,6,4,2,53.07,71,0,0,6,29.88,3.2018317095486033,0
user_865,Nigeria,102,6,5,1,130.05,55,1,0,1,8.86,5.0,0
user_866,Ghana,209,5,4,1,150.18,99,1,0,2,439.06,3.983343631971462,1
user_867,Nigeria,291,4,2,2,86.42,15,1,1,4,404.54,2.176588402549868,0
user_868,Nigeria,354,7,6,1,113.38,90,0,0,3,283.91,3.8197945349331577,0
user_869,South Africa,286,7,5,2,57.21,86,0,0,3,499.36,4.961117851421829,0
user_870,South Africa,116,6,6,0,151.85,10,0,0,0,476.53,4.042414211778243,1
user_871,Nigeria,264,5,2,3,240.21,71,1,0,3,327.55,3.760761044605998,0
user_872,Nigeria,150,3,3,0,201.79,66,0,1,0,232.29,3.2024679939766667,0
user_873,Ghana,300,5,5,0,41.26,9,1,1,1,76.09,3.402973279009118,1
user_874,Nigeria,36,3,2,1,151.4,13,0,0,2,257.8,3.5108417442869864,0
user_875,Nigeria,333,1,1,0,212.32,32,0,1,3,78.87,1.0540607759488876,0
user_876,Nigeria,287,2,1,1,163.67,87,0,0,3,199.23,3.963698528017525,0
user_877,Kenya,303,6,6,0,123.59,96,4,1,1,471.32,4.496697843544692,1
user_878,Ghana,311,4,3,1,190.36,95,0,0,2,170.99,2.752070329023162,1
user_879,Nigeria,208,9,9,0,290.91,81,0,0,6,76.39,3.732483622513339,0
user_880,Nigeria,106,4,4,0,37.52,42,2,0,0,291.2,3.8536116037250645,0
user_881,Nigeria,158,6,6,0,123.1,47,0,0,1,301.18,4.310297205776644,0
user_882,Ghana,121,8,6,2,127.92,25,1,0,0,96.9,3.512343404120982,0
user_883,Nigeria,55,5,5,0,177.32,95,1,1,5,98.29,4.039636906482326,0
user_884,Nigeria,12,3,0,3,54.13,66,0,1,2,494.77,2.338404569808411,0
user_885,Kenya,145,4,3,1,61.23,50,0,0,2,121.64,2.485743658238512,0
user_886,Nigeria,136,3,3,0,92.75,74,0,0,1,419.1,3.9311470084882614,0
user_887,Ghana,3,6,3,3,287.2,42,0,1,0,235.16,3.270405819600928,0
user_888,Nigeria,144,6,6,0,222.89,53,0,0,3,217.49,1.9192891471282627,1
user_889,Nigeria,30,9,9,0,201.89,79,1,0,3,147.48,3.84749680427136,0
user_890,Nigeria,237,5,5,0,246.92,85,1,0,2,386.91,2.225247986212968,0
user_891,Kenya,279,5,3,2,47.0,43,1,0,2,440.33,5.0,0
user_892,South Africa,348,3,3,0,259.21,75,0,0,4,130.56,1.323872541153666,1
user_893,Kenya,115,8,7,1,182.5,34,0,0,2,47.55,3.552678214251169,0
user_894,Nigeria,104,6,5,1,107.25,25,0,0,2,68.46,2.383851645916777,1
user_895,Ghana,118,5,5,0,246.6,5,1,0,2,396.4,4.415868558845628,0
user_896,Nigeria,5,1,1,0,242.74,93,0,1,1,217.91,3.097115795134064,0
user_897,Nigeria,360,3,3,0,255.26,36,1,0,0,65.96,4.512832807779499,0
user_898,South Africa,248,2,1,1,43.5,12,1,0,1,170.14,4.267337413299233,1
user_899,Nigeria,364,7,6,1,291.11,73,1,0,3,257.12,2.432247897837062,0
user_900,Nigeria,321,2,2,0,288.29,34,1,0,3,426.03,2.772668143022938,0
user_901,Nigeria,121,2,2,0,113.67,12,1,0,4,320.87,3.1554804165037753,1
user_902,Nigeria,286,8,7,1,29.11,23,0,0,3,88.02,3.432468574877383,0
user_903,Nigeria,149,3,2,1,58.45,63,0,0,1,79.35,3.303546217593866,1
user_904,Ghana,84,6,6,0,297.92,59,0,0,2,206.17,4.228110830347512,0
user_905,Nigeria,231,6,6,0,173.27,34,0,0,3,37.6,3.7339519986488257,0
user_906,South Africa,288,2,1,1,113.42,83,1,0,1,377.79,2.887349978522897,0
user_907,Kenya,161,5,3,2,93.58,40,1,0,0,200.73,2.5875472122029217,0
user_908,Nigeria,272,2,0,2,84.53,59,0,0,3,171.51,2.684105908243465,0
user_909,Nigeria,38,2,0,2,202.6,48,1,1,1,254.55,3.8299930278186545,0
user_910,Nigeria,226,5,4,1,131.62,31,0,0,1,354.48,3.3069275677666585,0
user_911,Ghana,142,4,3,1,289.97,81,0,0,1,284.67,5.0,0
user_912,Nigeria,292,3,2,1,208.31,82,1,0,0,401.2,3.499756654377479,0
user_913,Ghana,151,5,3,2,239.69,58,0,1,1,314.68,3.688730399438229,0
user_914,Nigeria,114,8,8,0,94.9,52,1,0,2,393.99,1.6989638176454003,0
user_915,Ghana,237,7,7,0,32.96,34,0,0,4,348.39,2.1619404995555143,0
user_916,Nigeria,66,5,3,2,151.47,43,2,0,1,96.56,2.378598579442058,0
user_917,Nigeria,361,6,6,0,101.23,17,0,0,2,26.18,2.966969339861024,1
user_918,South Africa,341,3,1,2,68.6,20,0,0,2,451.7,2.0177627779576075,0
user_919,Kenya,258,5,3,2,286.27,48,1,0,0,472.83,2.3450706849632312,0
user_920,Nigeria,249,8,8,0,138.76,75,0,0,1,363.47,4.164937317970667,0
user_921,South Africa,331,5,4,1,60.67,31,0,1,0,362.1,2.6401375308494055,1
user_922,Nigeria,323,6,3,3,67.61,49,0,0,3,135.07,3.458987382008112,0
user_923,South Africa,180,5,5,0,91.41,39,0,0,5,271.22,4.092140314251951,1
user_924,Kenya,190,5,5,0,299.8,83,1,0,3,496.12,4.4466199491172445,1
user_925,Nigeria,154,7,6,1,87.72,32,0,1,0,428.07,3.7925241305370476,0
user_926,Nigeria,196,5,3,2,105.35,11,0,0,0,152.2,3.8527412295869308,0
user_927,Nigeria,311,4,4,0,201.21,66,0,1,1,150.52,4.477277024270514,0
user_928,Ghana,262,7,5,2,95.25,55,0,0,1,241.79,3.914265786663473,0
user_929,Ghana,143,6,3,3,72.58,50,0,0,1,202.3,4.535425434413112,0
user_930,Nigeria,342,9,9,0,56.0,24,3,0,1,185.58,1.3566074876057033,0
user_931,Nigeria,316,4,2,2,100.68,42,2,1,3,313.49,3.416320449029198,0
user_932,Kenya,101,1,0,1,40.72,65,0,0,1,5.75,3.555687478081561,0
user_933,Cameroon,244,8,6,2,15.41,36,0,0,1,381.67,3.382115735464807,0
user_934,Ghana,12,5,5,0,243.35,30,0,0,2,370.03,3.623200493246428,0
user_935,Nigeria,239,6,5,1,49.99,62,1,0,2,415.16,3.091667275630901,0
user_936,Nigeria,49,5,5,0,235.03,43,0,0,2,420.73,4.288977519448775,0
user_937,Nigeria,42,6,2,4,241.29,24,0,1,3,283.2,2.9644313060771745,0
user_938,South Africa,166,8,8,0,166.0,86,0,0,1,390.04,3.282257012844479,0
user_939,Nigeria,82,2,2,0,99.81,54,0,0,0,246.2,4.944037664235884,0
user_940,Ghana,291,4,4,0,52.06,83,0,0,3,475.76,4.804439038682118,0
user_941,Nigeria,158,1,0,1,223.67,56,0,0,4,95.35,3.657634435538655,0
user_942,Ghana,216,6,6,0,184.4,90,2,0,4,457.81,2.8631117880787595,0
user_943,Ghana,158,8,7,1,200.08,26,1,0,1,129.27,1.8657269582404217,1
user_944,Kenya,134,7,6,1,12.51,57,1,0,5,51.36,3.3686494288341406,0
user_945,Nigeria,67,6,5,1,278.98,89,1,1,1,219.55,4.008179437819671,0
user_946,Nigeria,336,4,3,1,29.22,70,0,0,2,307.46,2.7788385386409984,1
user_947,Nigeria,7,3,3,0,116.37,47,1,0,5,115.49,3.5059287474777214,0
user_948,South Africa,14,6,5,1,126.79,86,0,0,3,277.9,3.151560994792825,0
user_949,South Africa,73,6,6,0,10.39,27,0,0,5,403.95,1.7778050758960873,1
user_950,Ghana,163,3,3,0,154.16,81,0,0,2,128.54,3.6171662190479297,0
user_951,Ghana,66,1,0,1,228.31,68,1,1,4,290.16,3.93508980673211,0
user_952,Ghana,347,8,7,1,248.75,13,0,0,3,169.66,3.6594193814490734,0
user_953,Nigeria,130,2,2,0,265.03,11,0,1,3,264.88,5.0,0
user_954,South Africa,206,5,5,0,151.44,45,1,0,1,333.46,3.1781329309908597,1
user_955,Nigeria,276,4,4,0,192.88,58,1,0,1,175.21,3.0986837037390185,1
user_956,Nigeria,256,6,5,1,33.06,69,0,1,0,497.24,5.0,0
user_957,Ghana,266,4,4,0,151.53,6,0,1,2,281.89,2.2512570465583033,1
user_958,Nigeria,25,5,5,0,54.9,8,0,1,1,412.23,2.88017967490278,1
user_959,Nigeria,281,5,4,1,117.2,82,1,0,1,362.57,3.8609832510278514,1
user_960,Kenya,253,6,5,1,105.5,36,0,0,3,426.4,4.625270951423356,0
user_961,Nigeria,310,3,3,0,132.83,6,0,0,1,86.9,4.434835723012895,0
user_962,Ghana,289,5,4,1,175.77,68,0,0,3,111.28,2.4601193013475875,0
user_963,Nigeria,164,5,5,0,271.83,18,1,0,2,243.71,5.0,0
user_964,Nigeria,95,4,3,1,124.4,24,0,1,3,426.16,3.964060267137319,0
user_965,Nigeria,270,4,4,0,294.53,93,0,0,2,98.8,2.680629744920777,0
user_966,Nigeria,321,4,4,0,230.12,53,1,1,2,485.53,2.764799542846506,1
user_967,Kenya,110,4,4,0,158.33,12,0,0,3,63.8,3.571546707033001,0
user_968,Nigeria,336,6,4,2,196.77,96,1,0,2,87.54,5.0,0
user_969,Ghana,310,6,4,2,39.65,67,1,0,1,83.62,3.7124480575011476,0
user_970,Nigeria,238,6,6,0,254.91,50,0,0,2,293.0,5.0,0
user_971,Ghana,25,7,7,0,178.88,25,0,1,2,458.77,4.3780873850787,0
user_972,South Africa,141,5,5,0,295.96,91,0,0,0,127.56,2.2377015277782784,0
user_973,Kenya,117,8,7,1,194.56,36,1,0,0,276.52,4.907510414222245,1
user_974,Nigeria,25,4,3,1,251.89,12,0,0,2,87.89,2.555848597980048,0
user_975,Nigeria,79,5,4,1,241.93,99,0,0,4,315.57,2.8848881688897587,0
user_976,Nigeria,68,1,1,0,110.18,20,0,1,2,61.62,3.7757530686203684,0
user_977,Ghana,173,7,4,3,85.29,44,0,0,2,245.66,3.4715648450475505,0
user_978,Nigeria,12,5,5,0,134.84,31,0,0,4,327.59,4.393414435847256,0
user_979,Nigeria,288,9,7,2,145.5,22,1,1,2,289.56,4.0017219326638225,0
user_980,Ghana,128,5,2,3,79.62,39,0,0,3,70.0,3.382071709198028,0
user_981,Nigeria,96,8,8,0,269.43,56,0,1,2,80.69,5.0,0
user_982,Kenya,92,9,6,3,167.34,19,1,0,2,335.7,3.0254613808541806,0
user_983,Nigeria,141,5,5,0,293.75,67,0,0,0,404.45,2.4999753596438232,1
user_984,Nigeria,31,9,8,1,244.91,57,1,1,3,454.04,3.9632991259322883,0
user_985,Kenya,334,5,4,1,171.15,95,0,1,1,406.81,3.481816620708647,0
user_986,Nigeria,20,6,5,1,284.64,85,0,0,1,486.96,3.7453762617790844,0
user_987,Ghana,146,3,2,1,156.41,70,0,0,1,204.13,4.238161448408097,0
user_988,Nigeria,316,5,4,1,267.26,35,1,1,4,165.58,3.3149071703280786,0
user_989,Nigeria,160,5,5,0,113.86,65,1,0,1,14.09,5.0,0
user_990,Kenya,349,8,4,4,119.81,68,0,0,2,224.95,3.764986529813275,0
user_991,Kenya,43,7,6,1,131.26,38,0,0,0,325.69,3.0496063689686213,0
user_992,Ghana,254,8,7,1,168.52,59,1,0,2,407.7,4.089579244960651,1
user_993,Nigeria,130,12,12,0,170.51,63,0,0,0,133.73,3.4145187389529874,1
user_994,Ghana,60,2,1,1,153.96,7,2,1,4,256.8,3.613296819634058,0
user_995,Nigeria,151,6,5,1,98.74,21,0,0,1,331.0,2.393867570914491,0
user_996,Nigeria,287,4,2,2,278.89,82,1,1,5,275.8,2.5072065248043462,0
user_997,South Africa,5,7,7,0,180.69,82,0,0,2,137.01,4.561590336913391,0
user_998,Nigeria,266,4,4,0,128.24,50,1,0,2,398.14,2.2656425487706793,0
user_999,Cameroon,345,4,2,2,198.84,42,1,0,4,86.68,3.3776237669913676,1
user_1000,Nigeria,130,3,3,0,232.71,39,0,0,0,452.49,3.8258506378526387,1
